symbol,june_days,mean_close,mean_volume,mean_high_low_bp,relative_tick,dollar_volume
A,20,132.112,402386.35,200.2892642688433,7.569335109603973e-05,53160065.4712
AAL,20,11.339,7204599.45,252.65265741722237,0.0008819119851838787,81692953.16355
AAPL,20,206.877,31706771.35,271.01685557651683,4.8337901265002876e-05,6559401736.573951
ABBV,20,168.799,515224.7,201.26714657813505,5.924205712119148e-05,86969414.13530001
ABNB,20,148.34449999999998,1430947.2,202.35988467484398,6.741065560233107e-05,212273146.91039997
ABT,20,104.66600000000001,554140.85,192.4770244023397,9.554200982171861e-05,57999706.2061
ACGL,20,100.542,772616.4,201.12181163339977,9.946092180382328e-05,77680398.0888
ACN,20,294.587,469157.55,252.77658239388398,3.394582924568973e-05,138207715.18185
ADBE,20,502.03450000000004,1608839.55,331.75707243315077,1.9918949793291096e-05,807692959.064475
ADI,20,232.044,1432490.8,217.88613044945055,4.309527503404527e-05,332400895.1952
ADM,20,60.92725,288653.2,205.67696206960824,0.000164130171639127,17586845.679700002
ADP,20,244.46599999999998,770297.4,195.15080124604134,4.090548378915678e-05,188311524.1884
ADSK,20,230.22600000000003,1123383.65,324.46907762719815,4.3435580690278245e-05,258632124.2049
AEE,20,71.15575,114312.45,157.84373277532697,0.0001405367802320965,8133988.1140875
AEP,20,88.1415,1188156.85,169.07370627722068,0.00011345393486609601,104725926.994275
AES,20,19.395,764421.05,369.8435910375926,0.0005155968032998196,14825946.26475
AFL,20,88.878,173515.15,136.93765207708128,0.00011251378293840996,15421679.501699999
AIG,20,75.084,367959.85,187.90122666363237,0.00013318416706621915,27627897.3774
AIZ,20,169.1615,43728.25,150.51116556146957,5.911510597860625e-05,7397136.362375
AJG,20,258.2115,114288.6,165.84912047308174,3.8727942016525214e-05,29510630.8389
AKAM,20,89.41799999999999,736676.75,174.2490817873115,0.00011183430629179809,65872161.63149999
ALB,20,105.6405,376285.9,405.5062294294378,9.466066518049423e-05,39751030.61895
ALGN,20,249.3515,350952.65,309.5596539427333,4.0104029853439823e-05,87510569.706475
ALL,20,161.5365,183644.5,206.80683259367393,6.190551361457009e-05,29665289.774249997
ALLE,20,117.24249999999999,89567.75,189.58584057823893,8.529330234343349e-05,10501146.929374998
AMAT,20,231.998,2472256.6,323.996260021649,4.310381986051604e-05,573558586.6868
AMCR,20,9.9685,564192.65,155.58059691272882,0.0010031599538546422,5624154.431525
AMD,20,160.6525,10269168.35,378.1442588988249,6.224615240970417e-05,1649767568.348375
AME,20,169.20475000000002,156423.2,194.25698456040143,5.909999571525031e-05,26467548.450200006
AMGN,20,307.6375,1080012.45,212.673262675475,3.250579009386047e-05,332252330.08687496
AMP,20,430.95825,51012.1,157.43648529108978,2.320410387781183e-05,21984085.344825
AMT,20,195.1595,228746.95,204.3433227775322,5.124013947565965e-05,44642140.388525
AMZN,20,186.5625,13329840.05,225.92886910776164,5.360134003350084e-05,2486848284.328125
ANET,20,323.65950000000004,272198.95,313.97042415154993,3.0896667639911696e-05,88099776.05752501
ANSS,20,323.37575000000004,216645.1,176.45591711247405,3.0923778298156245e-05,70057771.696325
AON,20,292.0765,167164.3,151.92909622902425,3.423760555881764e-05,48824763.66895
AOS,20,82.47625000000001,74832.8,196.9477166168854,0.0001212470256589018,6171928.721000001
APA,20,28.922000000000004,2116811.9,286.99837114373275,0.0003457575548025724,61222433.771800004
APD,20,271.8965,178389.0,195.3913530323287,3.677870071883971e-05,48503344.7385
APH,20,90.5175,557215.7,243.57088087350047,0.00011047587483083382,50437772.124749996
APTV,20,75.20349999999999,368959.75,333.8481756780351,0.0001329725345229943,27747064.559124995
ARE,20,115.9915,87799.65,193.7426230789253,8.621321389929435e-05,10184013.102975
ATO,20,116.0465,109211.45,135.9426508161442,8.61723533238831e-05,12673606.532425
AVB,20,201.126,75278.95,156.73006648066112,4.972007597227608e-05,15140554.0977
AVGO,20,1578.26,1605901.2,452.96729516520463,6.336091645229556e-06,2534529627.9119997
AVY,20,225.6515,49895.85,159.88492549108588,4.431612464353218e-05,11259073.396274999
AWK,20,129.639,103050.9,180.0009390929337,7.713728121938613e-05,13359415.6251
AXON,20,289.72249999999997,194857.55,253.45931403813196,3.451578665792267e-05,56454616.52987499
AXP,20,230.363,303896.0,197.42427725024385,4.3409748961421755e-05,70006394.248
AZO,20,2874.68175,22646.35,188.13165989682653,3.478645940546288e-06,65101049.0491125
BA,20,182.51,659183.5,295.69081725493004,5.479151827297135e-05,120307580.585
BAC,20,39.612,3816460.75,191.41950667974393,0.00025244875290316067,151177643.229
BALL,20,64.83500000000001,238769.8,247.13699160301888,0.00015423768026528878,15480639.983000001
BAX,20,33.582,488056.0,182.2226363565223,0.0002977785718539694,16389896.592
BBWI,20,43.2535,533165.45,406.4956907337843,0.00023119516339718173,23061271.791575
BBY,20,87.744,448593.85,253.77969365397888,0.00011396790663749089,39361418.774399996
BDX,20,235.18825,137576.55,174.82448091961356,4.2519130951482484e-05,32356388.0355375
BEN,20,22.73,317248.8,244.5475489651198,0.0004399472063352398,7211065.223999999
BG,20,105.40725,140838.1,212.09492576984394,9.487013464443859e-05,14845356.816225002
BIIB,20,228.58499999999998,501422.6,300.57395229460695,4.3747402497976686e-05,114617685.02099998
BIO,20,283.17325,38686.65,243.14230919390047,3.531407009666344e-05,10955024.4121125
BK,20,59.161249999999995,483330.4,163.38168942359948,0.00016902955904413787,28594430.627
BKNG,20,3897.0245000000004,77836.2,177.85748229083092,2.566060336546511e-06,303329578.3869
BKR,20,32.845,2729516.05,247.32586100661675,0.0003044603440401888,89650954.66225
BLDR,20,144.892,274583.75,367.5067605986699,6.901692294950722e-05,39784988.705
BLK,20,779.832,58491.3,164.74896259075848,1.2823274756614245e-05,45613387.4616
BMY,20,41.707499999999996,1341923.35,253.3884687923878,0.00023976503027033509,55968268.120124996
BR,20,198.373,46460.75,149.85799753485608,5.041008605001689e-05,9216558.359749999
BRO,20,90.70025000000001,108995.4,153.96926278371376,0.00011025327934597753,9885910.02885
BSX,20,76.769,488035.55,152.9698631058276,0.00013026091260795371,37466001.13795
BWA,20,33.50225,224208.0,251.1089017296018,0.00029848741502436405,7511472.467999999
BX,20,122.069,272480.15,229.6040551423025,8.19208808133105e-05,33261379.430350002
BXP,20,60.7635,141939.0,235.1331692467398,0.00016457248183531233,8624710.4265
C,20,61.1965,1402370.35,228.02973374918997,0.00016340803804139125,85820157.123775
CAG,20,28.986250000000002,538818.65,168.20005240210585,0.00034499115960153517,15618332.093562502
CAH,20,100.50325000000001,209643.75,216.64245652467588,9.949926992410693e-05,21069878.2171875
CARR,20,63.334500000000006,337643.55,283.85866707307883,0.00015789182830842587,21384485.417475
CAT,20,327.8,405699.25,208.36868826588926,3.050640634533252e-05,132988214.15
CB,20,263.1765,141034.75,165.9583049004118,3.799731358992919e-05,37117031.883375
CBOE,20,171.53,104838.5,186.82229211547138,5.829883985308693e-05,17982947.905
CBRE,20,87.76775,167711.45,233.97427439893278,0.00011393706686111925,14719656.615737502
CCI,20,98.868,235578.05,217.12219477415573,0.00010114496095804508,23291130.6474
CCL,20,16.806,3624270.2,430.78604649455383,0.0005950255861002023,60909484.98120001
CDNS,20,306.6105,642692.2,266.5652661684584,3.261466909972098e-05,197056176.78809997
CDW,20,225.08049999999997,409011.25,198.4968595209457,4.4428548896950206e-05,92060456.65562499
CE,20,141.02100000000002,113506.75,213.070033356731,7.091142453960757e-05,16006835.391750002
CEG,20,212.26550000000003,1595536.05,487.09313662475904,4.711081169573011e-05,338677257.4212751
CF,20,75.702,233127.4,236.05836583846175,0.0001320969062904547,17648210.4348
CFG,20,34.67075,562779.95,232.83623797121746,0.00028842756502238924,19512002.951462496
CHD,20,107.06975,162676.1,153.2213752331108,9.339706126146742e-05,17417689.357975
CHRW,20,86.68199999999999,663761.1,226.61860805101674,0.00011536420479453637,57536139.67019999
CHTR,20,283.168,489617.4,281.63542603042885,3.5314724827664145e-05,138643979.9232
CI,20,336.2735,148781.65,194.26128948723402,2.9737698629240783e-05,50031326.181275
CINF,20,115.38900000000001,293760.45,172.92634745695358,8.666337345847524e-05,33896724.565050006
CL,20,95.6,382974.0,137.7984820247146,0.00010460251046025105,36612314.4
CLX,20,134.169,133097.8,189.1315108633283,7.453286526693945e-05,17857598.7282
CMCSA,20,38.37,8015068.8,210.78877636528188,0.00026062027625749283,307538189.85599995
CME,20,197.67149999999998,934311.25,177.18850979184066,5.05889822255611e-05,184686706.25437498
CMG,20,2586.2415,499657.45,335.3232647891217,3.866614931358885e-06,1292234832.974175
CMI,20,274.9875,121415.6,220.11169779773013,3.636528933133324e-05,33387772.305000003
CMS,20,60.23625,278565.6,160.65331279378103,0.00016601299051650792,16779747.123
CNC,20,68.388,358679.3,211.5183740830841,0.00014622448382757208,24529359.9684
CNP,20,30.746499999999997,436665.85,162.4158694322321,0.00032524027125038627,13425946.557024999
COF,20,136.6365,303846.6,242.36475423596008,7.318688637369955e-05,41516535.9609
COO,20,91.994,479554.35,206.23372301026865,0.0001087027414831402,44116122.8739
COP,20,112.5355,614793.8,197.03916974562435,8.886084835451924e-05,69186127.6799
COR,20,233.234,151035.75,179.60852883838325,4.287539552552372e-05,35226672.1155
COST,20,848.3665000000001,671659.15,153.60995433119538,1.1787358411724178e-05,569813122.278475
CPAY,20,260.89,67635.7,204.37881989585748,3.8330330790754726e-05,17645477.773
CPB,20,44.24375,388124.1,245.2009587619526,0.00022602062438197487,17172065.649375
CPRT,20,53.915499999999994,2378373.5,216.58590138091526,0.00018547541986998174,128231196.43924999
CPT,20,108.13225,79283.9,165.17466018688555,9.247934820555385e-05,8573146.495775
CRL,20,210.53725,62134.55,239.71437338569734,4.749753309687478e-05,13081637.2869875
CRM,20,240.71599999999998,1472612.85,295.01583065850025,4.1542730852955354e-05,354481474.8006
CRWD,20,372.6365,3131942.8,459.4864993519042,2.683580379270415e-05,1167076203.1922
CSCO,20,46.5255,8286130.3,168.25249527732208,0.00021493589536920613,385516355.27265
CSGP,20,75.227,1336752.3,257.9286629657422,0.00013293099552022544,100559865.2721
CSX,20,32.964999999999996,4393410.1,187.61325420612843,0.00030335204004246935,144828763.94649997
CTAS,20,696.339,235417.35,166.27791266357187,1.4360821381539737e-05,163930282.08165002
CTLT,20,55.907500000000006,139905.35,127.33222154749065,0.000178866878325806,7821758.355125001
CTRA,20,27.29125,556236.85,231.09028259622477,0.00036641780790546417,15180398.9325625
CTSH,20,66.747,1847940.2,189.4761655770092,0.00014981946754161237,123344464.52939999
CTVA,20,52.9375,333218.7,225.7629475163627,0.00018890200708382527,17639764.931250002
CVS,20,60.383,1202266.95,246.40253048702533,0.00016560952585992745,72596485.24185
CVX,20,155.796,748384.5,181.03617733611082,6.418650029525791e-05,116595311.56199999
CZR,20,37.4675,1591976.45,391.3506831757547,0.0002668979782478148,59647377.640375
D,20,50.581,416166.1,184.5489747894417,0.00019770269468772858,21050097.5041
DAL,20,49.4385,735999.75,269.4732653933519,0.00020227150904659325,36386723.640374996
DAY,20,50.305,244809.1,286.66790234262305,0.00019878739687903787,12315121.7755
DD,20,80.28150000000001,210371.9,148.80361666310029,0.00012456169852332106,16888971.689850003
DE,20,373.13800000000003,173900.5,203.7806738086919,2.67997362905949e-05,64888884.76900001
DECK,20,1019.3684999999999,44459.25,267.76716503621003,9.809995109717439e-06,45320358.983624995
DFS,20,125.0855,144372.4,233.73878439488698,7.994531740289643e-05,18058893.8402
DG,20,129.1985,383363.55,272.45312367921997,7.740027941500869e-05,49529995.614675
DGX,20,139.3755,87356.2,146.57089998817725,7.174862152960887e-05,12175314.0531
DHI,20,142.0315,265574.1,248.50366166297152,7.040691677550403e-05,37719887.78415
DHR,20,257.4775,328934.75,200.75899499536666,3.8838345098115364e-05,84693297.093125
DIS,20,101.33500000000001,1051807.2,169.52746770519906,9.868258745744313e-05,106584882.612
DLR,20,148.42525,149133.5,199.55085031008304,6.737398117907835e-05,22135177.020875
DLTR,20,109.3815,1349333.25,344.7487180253506,9.142313828206781e-05,147592094.884875
DOC,20,19.44925,454771.2,207.21829354442326,0.0005141586436494981,8844958.7616
DOV,20,180.22625,123557.75,202.8481028133748,5.548581297119593e-05,22268349.9409375
DOW,20,54.8285,478586.75,187.39166846606435,0.00018238689732529616,26240193.622375
DPZ,20,522.8285,55722.55,223.07904755104778,1.9126730849599823e-05,29133337.232675
DRI,20,150.547,193467.85,200.8639664912454,6.642443887955257e-05,29126004.41395
DTE,20,112.2535,115599.9,155.87782812393124,8.90840820108059e-05,12976493.37465
DUK,20,101.45349999999999,273528.75,149.37920104217366,9.856732394643853e-05,27750449.038124997
DVA,20,142.2935,109550.35,262.42855954838495,7.027727900431152e-05,15588302.727725001
DVN,20,46.696999999999996,802476.3,207.48659195649248,0.0002141465190483329,37473235.7811
DXCM,20,114.9795,1332621.9,295.9254618516898,8.697202544801465e-05,153224199.75105
EA,20,137.51,981021.75,165.0031244728967,7.272198385571959e-05,134900300.8425
EBAY,20,53.456500000000005,2081986.2,235.10243825413377,0.00018706798986091493,111295695.3003
ECL,20,240.35774999999998,114797.7,138.43337266455356,4.160464973565446e-05,27592516.877174996
ED,20,91.04875,178351.1,147.17762176620653,0.0001098312717088373,16238644.716125
EFX,20,238.3835,101490.65,233.29250423139692,4.194921208892394e-05,24193696.364274997
EG,20,378.81,28209.55,190.34626401572513,2.6398458330033526e-05,10686059.635499999
EIX,20,73.086,128045.75,189.73509384747973,0.00013682511014421366,9358351.6845
EL,20,115.5435,300169.55,274.17459675671455,8.65474907718738e-05,34682640.400424995
ELV,20,536.8755,82973.0,174.77685532177105,1.8626292315443712e-05,44546170.8615
EMN,20,99.63925,111408.15,216.13938091286832,0.00010036205611744367,11100624.5098875
EMR,20,108.05550000000001,311007.2,195.42573859575836,9.254503472752427e-05,33606038.4996
ENPH,20,118.28600000000002,1190976.1,542.2187958323653,8.45408585969599e-05,140875798.96460003
EOG,20,121.89849999999998,314666.25,205.69206715053934,8.203546393105741e-05,38357343.87562499
EPAM,20,179.2995,87452.0,245.04658467357012,5.5772603939219016e-05,15680099.874
EQIX,20,759.4425,209276.85,191.87730277021768,1.3167553830606004e-05,158933734.156125
EQR,20,66.97274999999999,148601.45,143.35818676599712,0.00014931445998559118,9952247.760487499
EQT,20,39.2465,1023697.35,282.16330241467995,0.00025479979106417136,40176538.046775
ES,20,58.314499999999995,179163.55,186.59264792371675,0.0001714839362422725,10447832.836474998
ESS,20,272.95275000000004,49964.65,182.72343040266065,3.66363775415342e-05,13637988.620287502
ETN,20,320.6915,307555.35,290.83331254864436,3.118261631505668e-05,98630386.524525
ETR,20,107.81575000000001,172661.1,150.82147031516436,9.275082722144028e-05,18615585.992325
ETSY,20,61.472500000000004,1341301.85,334.62745798271266,0.0001626743665866851,82453177.97412501
EVRG,20,53.153999999999996,694072.3,154.61483655144124,0.0001881325958535576,36892719.0342
EW,20,88.8345,373379.45,247.98570978843972,0.00011256887808227659,33168976.751025002
EXC,20,35.5375,4046778.55,191.14537116111367,0.00028139289482940555,143812392.720625
EXPD,20,125.0405,143007.65,194.86082031647948,7.997408839535991e-05,17881748.059825
EXPE,20,123.167,823481.0,251.4215122866241,8.1190578645254e-05,101425684.327
EXR,20,153.87,144807.55,238.10607184135688,6.498992656138298e-05,22281537.7185
F,20,12.093,3429586.3,239.4381415460378,0.0008269246671628214,41473987.1259
FANG,20,193.1275,632208.95,213.96739122491212,5.177926499333342e-05,122096933.99112499
FAST,20,63.9405,1409217.25,215.8888394605871,0.00015639539884736592,90106055.573625
FCX,20,49.326499999999996,1431620.0,315.96404008809975,0.00020273078365584424,70616803.92999999
FDS,20,409.068,55942.15,224.74642793392985,2.4445813409995406e-05,22884143.4162
FDX,20,261.62600000000003,327574.45,294.09424180267445,3.8222500821783765e-05,85701993.05570002
FE,20,38.75425,310282.05,146.8292910197018,0.000258036215382829,12024748.1362125
FFIV,20,168.12650000000002,265905.3,153.56573582251931,5.947902323548042e-05,44705727.42045
FI,20,149.21625,282535.4,160.93675926246323,6.701682960133363e-05,42158872.88025001
FICO,20,1393.4365,21503.7,262.00979828850024,7.176502122629915e-06,29964040.46505
FIS,20,76.0645,402988.85,182.54465662881285,0.00013146737308468472,30653145.380824998
FITB,20,36.019,1812374.95,214.01048838073385,0.00027763125017351957,65279933.324049994
FMC,20,56.719500000000004,194303.5,366.1424068146216,0.00017630620862313666,11020797.368250001
FOX,20,31.711000000000002,475160.5,153.32107407068028,0.00031534798650310615,15067814.615500001
FOXA,20,34.07,1388184.55,164.3307059712339,0.000293513354857646,47295447.6185
FRT,20,100.77799999999999,44672.4,135.73978712134925,9.922800611244519e-05,4501995.1272
FSLR,20,265.0025,989367.6,553.1527490328922,3.773549306138621e-05,262184887.419
FTNT,20,59.533,2403939.55,245.21753340640439,0.0001679740648043942,143113733.23014998
FTV,20,73.20625,180331.4,167.35857303193842,0.00013660035857594128,13201385.55125
GD,20,295.31350000000003,80738.45,142.4127921894526,3.386231919637944e-05,23843154.254075002
GDDY,20,139.61025,172066.85,237.84931346641866,7.16279786047228e-05,24022295.945212502
GE,20,161.03050000000002,572165.5,277.79948021403953,6.210003694952198e-05,92136096.54775001
GEHC,20,77.3355,1349951.3,225.00834654645155,0.0001293067220099437,104399158.76115
GEN,20,24.45,3169140.05,252.29388684051418,0.00040899795501022495,77485474.2225
GEV,20,171.751,347084.75,469.3791474939374,5.8223824024314266e-05,59612152.897250004
GILD,20,66.279,3678555.4,280.7427693970487,0.0001508773518007212,243810973.3566
GIS,20,66.2905,466396.85,216.16120375940105,0.00015085117777057045,30917680.384924997
GL,20,81.61675,146744.85,260.8170558382764,0.0001225238691812649,11976837.7362375
GLW,20,38.366,699096.75,228.33628852740384,0.0002606474482614815,26821545.9105
GM,20,46.8065,1389614.3,240.53887272333154,0.0002136455406834521,65042981.73295
GNRC,20,137.7495,93538.65,318.8059164345442,7.259554481141491e-05,12884902.268175
GOOG,20,179.58599999999998,7847410.1,188.41000824775335,5.5683627899724926e-05,1409284990.2185998
GOOGL,20,178.1105,8731332.25,191.25043438247872,5.614492127078415e-05,1555141952.713625
GPC,20,140.93075000000002,98535.8,180.75172674108492,7.095683518323715e-05,13886724.195850002
GPN,20,96.08675,271845.15,246.99369941153503,0.00010407262187554477,26120716.9667625
GRMN,20,162.099,69472.7,157.0434519027448,6.169069519244413e-05,11261455.197299998
GS,20,453.5665,222644.7,193.22745863624183,2.204748366557054e-05,100984177.32255001
GWW,20,902.499,32686.2,194.92830682591267,1.1080344687362534e-05,29499262.8138
HAL,20,33.88725,994595.7,268.10669614266726,0.0002950962382607028,33704113.134825
HAS,20,59.2675,802980.75,250.90705553875333,0.0001687265364660227,47590661.600625
HBAN,20,12.864500000000001,5785936.9,255.94755524300885,0.000777332970577947,74433185.25005001
HCA,20,336.403,139990.85,251.74024579240736,2.972625095495581e-05,47093341.91255
HD,20,340.9065,316257.7,213.4367423870322,2.9333556268360972e-05,107814305.60505
HES,20,147.00675,209378.7,208.41183024705364,6.802408732932331e-05,30780082.206225004
HIG,20,101.29249999999999,138868.8,156.20628209563114,9.87239923982526e-05,14066367.923999997
HII,20,247.09949999999998,29871.25,164.41960456657173,4.046952745756265e-05,7381170.939374999
HLT,20,210.333,213668.9,204.50765481407612,4.754365696300628e-05,44941620.7437
HOLX,20,73.1175,610648.8,180.89940524360213,0.00013676616405101377,44649113.63400001
HON,20,210.92950000000002,1421383.55,176.36177018795078,4.7409205445421336e-05,299811721.50972503
HPE,20,20.7775,3059821.55,474.55281846220595,0.0004812898568162676,63575442.25512499
HPQ,20,35.8935,945628.5,254.96591649896118,0.0002786019752880048,33941916.56475
HRL,20,30.594,274206.2,159.4841398524871,0.0003268614761064261,8389064.482800001
HSIC,20,66.874,448704.4,205.21806157183565,0.0001495349463169543,30006658.0456
HST,20,18.022,2515245.9,174.5305904545639,0.0005548773721007658,45329761.609799996
HSY,20,188.566,144003.2,204.05752020310965,5.303182970418845e-05,27154107.4112
HUBB,20,375.14875,99701.25,308.10316400486977,2.6656093083077047e-05,37402799.3109375
HUM,20,358.265,144033.1,216.2272508251262,2.7912299554798823e-05,51602018.5715
HWM,20,81.11274999999999,309124.55,240.6647737333066,0.00012328518019670152,25073942.343012497
IBM,20,170.4375,365036.8,177.70899775600964,5.8672533920058674e-05,62215959.6
ICE,20,136.17075,241716.95,149.79462448356924,7.343721026725637e-05,32914778.3692125
IDXX,20,497.06949999999995,264568.35,233.09086650149158,2.0117911076821253e-05,131508857.45032497
IEX,20,202.2765,58280.8,185.61901020125487,4.94372801585948e-05,11788836.2412
IFF,20,96.28450000000001,143243.65,204.6884434614567,0.00010385887655853226,13792143.218425
INCY,20,60.975,2635699.7,245.96675851383088,0.00016400164001640017,160711789.2075
INTC,20,30.676499999999997,13578546.35,237.5305178160796,0.00032598242954704745,416542277.10577494
INTU,20,604.723,632786.85,229.81705674338656,1.6536496875428916e-05,382660762.29254997
INVH,20,35.246249999999996,286947.2,169.68319851565906,0.0002837181260417775,10113812.748
IP,20,44.882999999999996,876252.4,370.19303166532876,0.00022280150613818153,39328836.4692
IPG,20,29.827999999999996,384803.7,215.785336499763,0.00033525546466407405,11477924.7636
IQV,20,214.83800000000002,172347.25,205.49086916657083,4.6546700304415414e-05,37026738.495500006
IR,20,91.3745,392448.25,257.0695876236265,0.00010943972333637941,35859762.619625
IRM,20,87.1455,220005.7,193.9748767492461,0.00011475061821895565,19172506.72935
ISRG,20,427.576,601208.85,213.53811115062118,2.3387655060153048e-05,257062475.2476
IT,20,440.238,51550.85,172.22768766713514,2.271498598485365e-05,22694643.1023
ITW,20,239.3195,113606.75,160.68102726952313,4.1785144963114165e-05,27188310.606625002
IVZ,20,15.07475,462211.45,217.40480372674793,0.0006633609180915107,6967722.0558875
J,20,139.43775,75896.3,155.96213092453917,7.171659037814366e-05,10582809.305325
JBHT,20,158.47899999999998,370766.9,211.4769479174644,6.309984288139123e-05,58758767.545099996
JBL,20,115.5565,257306.85,367.84866838405173,8.653775425873924e-05,29733479.012025002
JCI,20,69.04525,378399.6,205.0640277805864,0.00014483255546181672,26126694.981899995
JKHY,20,164.176,222475.5,202.73226805135815,6.091024266640679e-05,36525137.68799999
JNJ,20,146.717,511604.15,140.92960787851075,6.81584274487619e-05,75061026.07555
JNPR,20,35.644,178479.75,111.91994519306243,0.00028055212658511955,6361732.209
JPM,20,197.8345,944618.5,187.5605026008622,5.054730090050017e-05,186878128.63825
K,20,58.57899999999999,193237.75,180.1762221040005,0.0001707096399733693,11319674.157249998
KDP,20,34.195,2932242.0,183.52089851031104,0.00029244041526538966,100268015.19
KEY,20,13.754249999999999,1353329.65,254.53858468366843,0.0007270480033444209,18614034.3385125
KEYS,20,136.71099999999998,135272.2,157.57925217009358,7.314700353300028e-05,18493197.7342
KHC,20,33.2665,3100415.9,219.86066151696326,0.00030060270843040296,103139985.53735
KIM,20,18.93875,402655.45,176.6566228902481,0.0005280179526103888,7625790.903687499
KKR,20,107.0495,952188.7,346.21372578308484,9.341472870027418e-05,101931324.24064998
KLAC,20,808.9515,355149.05,333.81366522006624,1.236168052102011e-05,287298356.721075
KMB,20,138.00925,207249.15,146.71363363546521,7.245891126862873e-05,28602299.754637502
KMI,20,19.7855,1216385.5,135.70611617271058,0.0005054206363245812,24066795.31025
KMX,20,71.15725,304960.45,294.8481671187682,0.00014053381770655837,21700146.980762504
KO,20,63.372,871646.85,120.34661185648704,0.00015779839676828883,55238004.1782
KR,20,50.7705,833054.45,185.9216176707006,0.00019696477285037573,42294590.953724995
KVUE,20,18.5625,1890047.6,242.74381339190023,0.0005387205387205387,35084008.575
L,20,75.298,70151.75,144.81514244339684,0.000132805652208558,5282286.4715
LDOS,20,145.51,81414.25,165.30634478177976,6.872379905161158e-05,11846587.5175
LEN,20,152.90375,340402.4,267.38619014676726,6.540061967087138e-05,52048803.469000004
LH,20,200.977,82852.1,185.53753799268506,4.975693736099156e-05,16651366.5017
LHX,20,222.565,71464.1,146.92462613478622,4.4930694403882016e-05,15905407.4165
LIN,20,437.12749999999994,797480.3,158.6287780208476,2.2876620665595283e-05,348600569.83825
LKQ,20,41.7235,791952.6,236.45190614690264,0.00023967308591081764,33043034.3061
LLY,20,877.4885,248090.15,229.5337147341183,1.1396160747405806e-05,217696253.58827502
LMT,20,465.70649999999995,102683.9,124.14122112068212,2.1472751615019335e-05,47820559.675349995
LNT,20,50.542,730204.15,152.61403438464694,0.00019785524909975862,36905978.1493
LOW,20,221.29450000000003,294422.65,202.67887499526654,4.518865132210696e-05,65154113.120425016
LRCX,20,1024.243,379271.2,349.8172276358053,9.763308121217329e-06,388465871.7016
LULU,20,311.31350000000003,915301.05,335.57674351543386,3.212196066023478e-05,284945573.429175
LUV,20,28.320249999999998,937586.25,329.3674761376134,0.00035310422754036424,26552676.9965625
LVS,20,44.223,732504.65,236.52698635243343,0.00022612667616398707,32393553.13695
LW,20,85.30275,160234.7,194.88907010208018,0.00011722951487496006,13668460.555425001
LYB,20,95.35650000000001,208369.2,193.19689498679352,0.00010486962084388582,19869357.619800005
LYV,20,91.437,286486.15,206.75582417331884,0.0001093649179216291,26195434.09755
MA,20,447.6665,253933.0,152.586373038599,2.2338057460185205e-05,113677297.34449999
MAA,20,139.08800000000002,66375.4,190.50920104112814,7.189692856321177e-05,9232021.635200001
MAR,20,238.2775,816350.4,192.59716910431024,4.196787359276474e-05,194517932.43600002
MAS,20,67.61749999999999,169393.4,233.982435551777,0.0001478907087662218,11453958.224499999
MCD,20,256.226,331074.1,170.81992271084727,3.9028045553534773e-05,84829792.3466
MCHP,20,92.0145,3121951.45,285.8666330833065,0.00010867852349357982,287264801.696025
MCK,20,591.3655,63200.95,159.67279169566152,1.6910015886959926e-05,37374861.397225
MCO,20,413.94449999999995,78709.65,152.04102399630608,2.4157827921375936e-05,32581426.714424994
MDLZ,20,66.912,2721452.5,173.7487640257738,0.0001494500239120038,182097829.68
MDT,20,81.114,930524.3,179.9402254494741,0.0001232832803215228,75478548.07020001
MET,20,70.25375,292980.35,172.4606385725383,0.00014234115616604097,20582968.263812497
META,20,500.46850000000006,3490575.15,248.20739973729945,1.998127754294226e-05,1746922909.457775
MGM,20,41.269999999999996,381420.0,247.08709902020536,0.00024230676035861404,15741203.399999999
MHK,20,113.2565,89380.45,278.8597669774018,8.829515303757401e-05,10122916.935425
MKC,20,69.04249999999999,243565.6,237.624681261564,0.0001448383242205888,16816377.937999997
MKTX,20,198.225,206437.7,307.0008991564264,5.0447723546474966e-05,40921113.0825
MLM,20,550.50275,64781.65,220.1574775558774,1.8165213525273034e-05,35662476.4745375
MMC,20,210.75875000000002,188034.75,136.0663276681003,4.7447614867710114e-05,39629968.8665625
MMM,20,101.035,391441.45,210.69317841243952,9.897560251398031e-05,39549286.90075
MNST,20,50.3885,5292589.8,237.3627410542812,0.00019845798148387033,266685661.13729998
MO,20,45.968,901428.65,141.00351137586713,0.000217542638357118,41436872.1832
MOH,20,306.37199999999996,72307.95,219.57678632735278,3.264005849098482e-05,22153131.257399995
MOS,20,28.5605,590542.0,287.86467954842396,0.0003501339262267817,16866174.791
MPC,20,173.469,310883.2,225.73032856875042,5.764718768194894e-05,53928597.8208
MPWR,20,796.7895000000001,247772.3,361.7218773031983,1.2550366188309457e-05,197422367.03085002
MRK,20,129.87449999999998,711691.6,240.21813038683862,7.699740903718591e-05,92430590.70419998
MRNA,20,138.6755,1412744.9,527.2596850012693,7.211079101932209e-05,195913105.37995
MRO,20,28.113999999999997,827468.95,191.56680068996002,0.00035569467169381807,23263462.060299996
MS,20,96.725,601107.05,166.70511334651835,0.00010338588782631172,58142079.41125
MSCI,20,487.421,59479.55,177.82134868993685,2.0516145180449756e-05,28991581.74055
MSFT,20,439.2165,6853740.2,160.71258265886757,2.2767814961414248e-05,3010275782.5533
MSI,20,379.00875,67778.35,137.27824403432368,2.638461513091716e-05,25688587.710562505
MTB,20,146.28050000000002,89647.75,202.88245635905065,6.836181172473432e-05,13113717.693875002
MTCH,20,30.93425,2111005.0,296.3581297539091,0.0003232662825185676,65302356.42125
MTD,20,1435.59,24663.1,218.22596258258,6.965777136926282e-06,35406099.728999995
MU,20,137.385,7723488.25,525.4632789571731,7.27881500891655e-05,1061091433.2262499
NCLH,20,17.746000000000002,1303545.45,396.81783691261666,0.0005635072692437732,23132717.5557
NDAQ,20,59.4975,895835.15,169.7792520199774,0.00016807428883566536,53299951.837125
NDSN,20,229.54899999999998,117484.15,188.77660738409472,4.356368357082802e-05,26968369.148349997
NEE,20,73.55699999999999,1490190.05,343.949525827801,0.0001359489919382248,109613909.50784999
NEM,20,41.494,704814.1,254.46613767961222,0.00024099869860702753,29245556.2654
NFLX,20,662.3845,934033.85,229.73378950935071,1.509697162297729e-05,618689544.715325
NI,20,28.5485,427136.65,153.04134241948543,0.00035028110058321805,12194110.652525
NKE,20,92.6365,1821926.85,345.07443547427977,0.0001079488106739784,168776926.64002502
NOC,20,434.42650000000003,133726.85,156.25482920994529,2.3018853592034555e-05,58094487.401525006
NOW,20,728.654,176636.6,237.5721055005601,1.3723934816799194e-05,128706965.1364
NRG,20,79.529,420531.2,366.9439830494234,0.00012574029599265676,33444425.8048
NSC,20,220.56175,139496.35,211.70115035336616,4.533877700915957e-05,30767559.0746125
NTAP,20,125.65599999999999,1008901.25,233.06549550114227,7.958235181766093e-05,126774495.47
NTRS,20,82.66,544158.3,202.59543012764618,0.00012097749818533754,44980125.078
NUE,20,157.43325,225304.05,258.0091623488073,6.3518983442189e-05,35470348.829662494
NVDA,20,393.03000000000003,58448696.65,493.2304624608222,2.5443350380378086e-05,22972091244.349503
NVR,20,7599.3544999999995,2061.4,207.00966085735837,1.3159012387170517e-06,15665309.3663
NWS,20,28.0875,539542.3,168.96659964636797,0.00035603026257231867,15154394.35125
NWSA,20,27.375,1286998.5,197.13614735328093,0.00036529680365296805,35231583.9375
NXPI,20,270.914,790007.45,281.9818749533195,3.6912082801184144e-05,214024078.30929998
O,20,53.144000000000005,509418.4,157.04658760948305,0.00018816799638717444,27072531.449600004
ODFL,20,173.4095,690763.65,322.1059198252693,5.766696749601377e-05,119784979.16467501
OKE,20,79.99,251790.7,162.57525998239618,0.00012501562695336918,20140738.093
OMC,20,89.9955,142145.55,197.70585022205796,0.00011111666694445833,12792459.845025
ON,20,71.038,2460570.5,329.95852714431794,0.0001407697288775022,174794007.179
ORCL,20,135.223,1319476.9,309.96785992118,7.395191646391516e-05,178423624.84870002
ORLY,20,1022.4244999999999,192939.4,222.4256710673419,9.780673291768734e-06,197265969.57529998
OTIS,20,97.269,232432.25,152.60330934757243,0.00010280767767736894,22608452.525250003
OXY,20,61.217499999999994,866516.3,197.45232697898945,0.00016335198268468986,53045961.595249996
PANW,20,315.23249999999996,1075256.95,296.34957771275776,3.1722617433164416e-05,338955936.49087495
PARA,20,10.8355,4821611.45,515.2205693690016,0.0009228923446080016,52244570.866475
PAYC,20,144.09075,122761.6,271.22013543592436,6.940070754021337e-05,17688811.015200004
PAYX,20,122.2105,961602.5,266.22176276411676,8.182602967830097e-05,117517922.32625
PCAR,20,106.383,1433220.85,223.44573079534038,9.399998120000377e-05,152470333.68555
PCG,20,17.929750000000002,1094537.2,161.92016607538747,0.0005577322606282854,19624778.361700002
PEG,20,73.5835,301589.2,162.5200664777789,0.0001359000319365075,22191988.8982
PEP,20,167.3775,2322759.55,161.10556121364692,5.974518677839017e-05,388777686.580125
PFE,20,28.121499999999997,2576178.6,245.86378444310654,0.00035559980797610373,72446006.4999
PFG,20,79.037,488916.8,210.14008510447283,0.00012652302086364615,38642517.1216
PG,20,166.7605,504392.1,153.80105507056263,5.996623900743881e-05,84112678.79205
PGR,20,209.41199999999998,249982.5,202.38823964196234,4.775275533398278e-05,52349335.28999999
PH,20,511.8445,103019.5,234.8634470287183,1.9537183656364384e-05,52729964.46775
PHM,20,112.1685,224916.25,266.5391653053096,8.915158890419325e-05,25228518.388125
PKG,20,184.2925,60142.95,171.16180355119525,5.4261567888004126e-05,11083894.612875
PLD,20,110.63399999999999,420750.75,243.89956044512138,9.038812661568777e-05,46549338.475499995
PM,20,102.40650000000001,380802.7,152.23088452379906,9.765005151040216e-05,38996671.697550006
PNC,20,153.5265,168586.35,179.55917475855483,6.51353349421761e-05,25882472.263275
PNR,20,77.9235,183711.45,257.19840843722943,0.00012833099129274224,14315439.174075002
PNW,20,76.07875,125730.3,177.06676092706738,0.00013144274846787048,9565404.061125001
PODD,20,197.371,301048.6,333.7013479847592,5.066600463087282e-05,59418263.2306
POOL,20,333.907,189617.65,336.48546636394974,2.9948458702572875e-05,63314660.658549994
PPG,20,128.369,170574.4,171.6184706291436,7.790042767334793e-05,21896465.1536
PPL,20,28.20475,415422.95,140.9351602767783,0.0003545502087414354,11716900.449012501
PRU,20,116.85225,149449.3,157.56854994915423,8.5578155320073e-05,17463486.965924997
PSA,20,282.9375,78622.6,205.57568132425044,3.534349458802739e-05,22245281.887500003
PSX,20,138.3395,211137.85,209.33906230583938,7.228593424148564e-05,29208704.600075
PTC,20,175.9755,301348.2,188.81588470361186,5.682609226852601e-05,53029900.16910001
PWR,20,270.43649999999997,107203.35,289.5532965069133,3.697725713799728e-05,28991698.762275
PYPL,20,61.664,4190787.55,276.98681331207115,0.0001621691748832382,258420723.48319998
QCOM,20,208.8005,4232084.45,360.94344128525614,4.789260562115512e-05,883661349.2022251
QRVO,20,109.0365,786273.95,323.26926148625535,9.171240823027152e-05,85732559.549175
RCL,20,154.791,253815.1,264.91208181236675,6.460323920641381e-05,39288293.1441
REG,20,61.541,501945.55,152.68442123120317,0.0001624932971514925,30890231.09255
REGN,20,1032.8274999999999,206208.5,222.09496262977297,9.682158927797722e-06,212977809.53374997
RF,20,18.910249999999998,854508.15,226.42181798057936,0.0005288137385809285,16158962.743537499
RJF,20,120.11075000000001,113364.6,169.86152351136172,8.325649452692618e-05,13616307.129450003
RL,20,181.82999999999998,114610.55,251.87756588479323,5.4996425232359903e-05,20839636.3065
RMD,20,203.2175,160972.05,292.83690998179287,4.9208360500449026e-05,32712337.570874996
ROK,20,260.7275,130843.45,269.16211042963243,3.835422040252754e-05,34114485.609875
ROL,20,48.400999999999996,119068.3,182.46158717346322,0.0002066073015020351,5763024.7883
ROP,20,554.9075,229502.7,173.63525395083943,1.8021021521604952e-05,127352769.50025001
ROST,20,145.91275000000002,1119197.25,170.2724178775933,6.853410685495269e-05,163305148.53993753
RSG,20,190.42275,96558.85,119.06743859831792,5.251473366496388e-05,18387001.753837503
RTX,20,104.819,655956.0,175.05455620872345,9.540255106421545e-05,68756651.964
RVTY,20,108.12325000000001,129093.55,228.02771753796688,9.248704603311498e-05,13958014.180037502
SBAC,20,194.4105,327669.7,220.0275735279569,5.1437550955323914e-05,63702430.21185001
SBUX,20,80.163,3529210.5,199.24325680684655,0.00012474583037061987,282912101.3115
SCHW,20,73.461,538770.15,169.49196479141546,0.00013612665223724154,39578593.98915
SHW,20,299.255,191428.55,209.60317191818103,3.341631718768275e-05,57285950.73024999
SJM,20,111.16099999999999,140405.9,223.40008658722778,8.995960813594697e-05,15607660.249899998
SLB,20,45.111000000000004,1851214.9,270.96929573815055,0.00022167542284586906,83510155.3539
SMCI,20,829.85,1511524.45,738.1509431898405,1.2050370548894379e-05,1254338564.8325
SNA,20,265.873,33264.95,169.80930856612198,3.761194254399657e-05,8844252.05135
SNPS,20,590.6155,358699.25,248.97584231863766,1.6931489268398814e-05,211853336.88837498
SO,20,78.5955,323193.7,152.1002960499007,0.00012723374747918137,25401570.44835
SOLV,20,54.07725000000001,144709.6,310.2478684042886,0.0001849206459278162,7825497.216600001
SPG,20,149.963,151127.5,179.36674888021201,6.668311516840822e-05,22663533.2825
SPGI,20,438.59399999999994,111430.8,147.9459356600431,2.280012950473559e-05,48872880.2952
SRE,20,75.80225,261864.55,167.6330239347007,0.00013192220547543113,19849922.0852375
STE,20,221.44625000000002,64925.85,170.33469553711348,4.515768499127892e-05,14377586.010562502
STLD,20,125.559,729639.6,278.6531753629486,7.96438327798087e-05,91612818.53639999
STT,20,73.096,195554.8,176.39348218472486,0.0001368063915946153,14294273.6608
STX,20,100.924,844852.4,292.1982907431112,9.908445959335738e-05,85265883.61760001
STZ,20,256.20775,129952.15,164.03297787256676,3.903082557026476e-05,33294747.959162496
SWK,20,83.3345,166063.05,260.8035790213147,0.00011999832002351966,13838781.240225
SWKS,20,100.9485,1384743.2,311.7329990774691,9.906041199225348e-05,139787748.9252
SYF,20,44.1385,528974.6,256.85451668835043,0.00022655957950542044,23348145.3821
SYK,20,343.585,117561.3,214.4809495732315,2.910487943303695e-05,40392299.2605
SYY,20,72.423,306541.15,162.55050847972146,0.00013807768250417686,22200629.70645
T,20,18.222,2840983.65,180.32028358231406,0.0005487871803314674,51768404.070300005
TAP,20,51.25625,226208.55,179.2935335953679,0.0001950981587611267,11594601.9909375
TDG,20,1315.4515,32807.3,235.61585041411666,7.601952637554483e-06,43156411.99595
TDY,20,389.935,42848.9,170.47972041903571,2.5645299857668585e-05,16708285.821500001
TECH,20,75.2265,447490.3,241.4436520243083,0.00013293187905857642,33663129.05295
TEL,20,149.65325,182859.3,190.0972023947458,6.682113485674383e-05,27365488.537725
TER,20,145.3505,1110662.75,315.13205826620026,6.8799212937004e-05,161435386.043875
TFC,20,36.855000000000004,763169.7,222.33374725611029,0.00027133360466693795,28126619.293500002
TFX,20,207.93650000000002,60738.15,249.09556144095805,4.809160488899255e-05,12629678.327475002
TGT,20,146.518,511881.7,225.48125093405847,6.82509998771482e-05,74999882.9206
TJX,20,108.6645,491373.75,141.7267244842545,9.202637475900594e-05,53394882.856875
TMO,20,567.364,145607.2,172.6514554833891,1.7625369251485818e-05,82612283.42080002
TMUS,20,177.341,2659001.65,215.8112579374643,5.638853959321307e-05,471550011.61265
TPR,20,42.537,283106.8,245.19166177545486,0.00023508945153630958,12042513.951599998
TRGP,20,123.1455,284302.8,211.87493191308334,8.120475372628315e-05,35010610.4574
TRMB,20,55.254999999999995,619281.75,203.6417622714269,0.00018097909691430642,34218413.09625
TROW,20,116.51299999999999,451180.85,177.29639360993377,8.582733257233099e-05,52568434.376049995
TRV,20,208.5235,153213.2,204.46309227639154,4.7956225557311286e-05,31948552.710200004
TSCO,20,274.954,544100.25,274.92404735171647,3.636972002589524e-05,149602540.1385
TSLA,20,183.5405,14276403.65,406.21683933398134,5.448388775229445e-05,2620298264.122825
TSN,20,56.0715,161653.85,186.85354756338995,0.00017834372185513138,9064173.850275
TT,20,329.431,154824.8,278.63563028774456,3.0355370320340226e-05,51004088.68879999
TTWO,20,159.5125,716510.65,216.04452745574025,6.269101167620093e-05,114292405.05812499
TXN,20,195.1235,2324275.4,182.1717928312504,5.124959320635392e-05,453520751.0119
TXT,20,86.26899999999999,91643.0,166.72688560208803,0.00011591649375789683,7905949.966999999
TYL,20,482.86025,37131.25,205.13675749000973,2.0709925905062593e-05,17929204.6578125
UAL,20,50.598,2066079.25,318.25324588441157,0.00019763627020830864,104539477.8915
UBER,20,69.655,1623074.9,314.11087412340316,0.00014356471179384107,113055282.15949999
UDR,20,40.222,271261.9,181.7552120306366,0.00024862015812242055,10910696.141800001
UHS,20,188.12775000000002,76110.05,277.69339737770395,5.315536915739437e-05,14318412.458887503
ULTA,20,386.81350000000003,316438.2,206.11488580477697,2.585225179576204e-05,122402567.67570001
UNH,20,492.88800000000003,398192.35,218.4387316953625,2.0288584830630893e-05,196264231.0068
UNP,20,225.55749999999998,257522.5,168.74153887615935,4.4334593174689386e-05,58086131.293749996
UPS,20,136.7925,481190.8,198.78523005161588,7.310342306778516e-05,65823292.508999996
URI,20,634.54125,82271.75,333.95241247458927,1.5759416743986304e-05,52204819.0846875
USB,20,39.35325,866937.2,228.41787807788896,0.00025410861872907575,34116796.3659
V,20,272.2335,518425.2,158.18059590036538,3.6733172074707926e-05,141132706.6842
VICI,20,28.33725,569844.85,176.59911434931604,0.00035289239428667215,16147835.9756625
VLO,20,153.145,280134.05,265.8506812071201,6.529759378366907e-05,42901129.08725
VLTO,20,99.4545,145006.2,180.0964529240567,0.00010054849202399087,14421519.1179
VMC,20,249.413,94241.4,204.335285842646,4.009414104316936e-05,23505030.2982
VRSK,20,265.5155,325679.3,192.02464295616727,3.766258467019817e-05,86472902.17914999
VRSN,20,179.3355,345575.45,172.1073552452451,5.576140808707702e-05,61973946.113475
VRTX,20,475.76450000000006,587999.85,219.4191269627927,2.1018802369659776e-05,279749454.635325
VST,20,88.20349999999999,1067835.7,627.1189252685197,0.00011337418583162802,94186846.16494998
VTR,20,50.112,158533.95,152.99841437257447,0.0001995530012771392,7944453.302400001
VTRS,20,10.438500000000001,3961847.95,281.5268111648714,0.000957992048665996,41355749.82607501
VZ,20,40.684000000000005,1285088.9,164.4761389407795,0.0002457968734637695,52282556.8076
WAB,20,161.8945,133537.1,185.9192538527321,6.176862092288496e-05,21618922.03595
WAT,20,295.4265,77212.65,206.57258310226126,3.384936693221495e-05,22810662.945224997
WBA,20,15.2025,5888956.35,491.5644289378909,0.000657786548265088,89526858.910875
WBD,20,7.612,8534834.65,362.6132181946349,0.0013137151865475565,64967161.3558
WDC,20,76.6755,1609921.35,339.773437070577,0.00013041975598463654,123441524.471925
WEC,20,79.28775,164260.15,138.36268314367342,0.00012612288783576278,13023817.7081625
WELL,20,103.59200000000001,259745.05,149.99753646948272,9.65325507761217e-05,26907509.219600003
WFC,20,58.2115,1713290.05,221.76237390723492,0.0001717873616038068,99733183.74557501
WM,20,206.36999999999998,172249.6,168.5694173907736,4.8456655521635906e-05,35547149.952
WMB,20,41.7845,545407.65,167.42005944495668,0.00023932319400734721,22789585.951425
WMT,20,67.282,1327666.5,160.7833606739507,0.00014862816206414792,89328057.453
WRB,20,79.63300000000001,108930.1,178.82735483470728,0.0001255760802682305,8674430.653300002
WRK,20,50.988749999999996,266191.15,216.44549027560566,0.00019612169351082348,13572753.9995625
WST,20,326.454,89547.55,295.8387568267707,3.063218707689292e-05,29233155.887700003
WTW,20,258.22950000000003,186951.7,159.48104582194014,3.87252424684244e-05,48276444.01515001
WY,20,28.953500000000002,295937.45,185.81982012628507,0.00034538138739703315,8568424.958575001
WYNN,20,90.56949999999999,653624.3,188.14131992232294,0.00011041244569087829,59198426.038849995
XEL,20,54.136,1466999.95,185.682009678746,0.0001847199645337668,79417509.2932
XOM,20,112.535,1466639.0,190.43452763391994,8.886124316879193e-05,165048219.865
XYL,20,137.9785,140070.3,192.17957476587878,7.247505952014264e-05,19326689.88855
YUM,20,136.10475,218685.6,156.7656609613732,7.347282148492246e-05,29764148.9166
ZBH,20,109.2635,245900.5,204.31491197328532,9.15218714392272e-05,26867949.281749997
ZBRA,20,303.6055,128955.5,241.87087645768102,3.2937479722864047e-05,39151599.055250004
ZTS,20,172.9625,343724.45,241.7712237342865,5.781600057816001e-05,59451440.183125004
