symbol,june_days,mean_close,mean_volume,mean_high_low_bp,relative_tick,dollar_volume,tick_tercile,volume_tercile,cell,role
AAPL,20.0,206.877,31706771.35,271.01685557651683,4.833790126500288e-05,6559401736.573951,low,high,low_tick__high_volume,stratified
ABBV,20.0,168.799,515224.7,201.26714657813503,5.924205712119148e-05,86969414.13530001,mid,high,mid_tick__high_volume,stratified
AEP,20.0,88.1415,1188156.85,169.07370627722068,0.000113453934866,104725926.994275,mid,high,mid_tick__high_volume,stratified
AJG,20.0,258.2115,114288.6,165.84912047308174,3.8727942016525214e-05,29510630.8389,low,mid,low_tick__mid_volume,stratified
ALLE,20.0,117.2425,89567.75,189.58584057823893,8.529330234343349e-05,10501146.929374998,mid,low,mid_tick__low_volume,stratified
AMCR,20.0,9.9685,564192.65,155.58059691272882,0.0010031599538546,5624154.431525,high,low,high_tick__low_volume,stratified
AMP,20.0,430.95825,51012.1,157.43648529108978,2.320410387781183e-05,21984085.344825,low,low,low_tick__low_volume,stratified
ANET,20.0,323.65950000000004,272198.95,313.97042415154993,3.0896667639911696e-05,88099776.05752501,low,high,low_tick__high_volume,stratified
APH,20.0,90.5175,557215.7,243.57088087350047,0.0001104758748308,50437772.12475,mid,mid,mid_tick__mid_volume,stratified
ATO,20.0,116.0465,109211.45,135.9426508161442,8.61723533238831e-05,12673606.532425,mid,low,mid_tick__low_volume,stratified
AVB,20.0,201.126,75278.95,156.73006648066112,4.972007597227608e-05,15140554.0977,low,low,low_tick__low_volume,stratified
AVY,20.0,225.6515,49895.85,159.88492549108588,4.431612464353218e-05,11259073.396275,low,low,low_tick__low_volume,stratified
BALL,20.0,64.83500000000001,238769.8,247.13699160301888,0.0001542376802652,15480639.983,high,low,high_tick__low_volume,stratified
BDX,20.0,235.18825,137576.55,174.82448091961356,4.251913095148248e-05,32356388.0355375,low,mid,low_tick__mid_volume,stratified
BIO,20.0,283.17325,38686.65,243.14230919390047,3.531407009666344e-05,10955024.4121125,low,low,low_tick__low_volume,stratified
BKNG,20.0,3897.0245,77836.2,177.85748229083092,2.566060336546511e-06,303329578.3869,low,high,low_tick__high_volume,stratified
BKR,20.0,32.845,2729516.05,247.32586100661675,0.0003044603440401,89650954.66225,high,high,high_tick__high_volume,stratified
BLK,20.0,779.832,58491.3,164.74896259075848,1.2823274756614244e-05,45613387.4616,low,mid,low_tick__mid_volume,stratified
BSX,20.0,76.769,488035.55,152.9698631058276,0.0001302609126079,37466001.13795,high,mid,high_tick__mid_volume,stratified
C,20.0,61.1965,1402370.35,228.02973374918997,0.0001634080380413,85820157.123775,high,high,high_tick__high_volume,stratified
CBRE,20.0,87.76775,167711.45,233.9742743989328,0.0001139370668611,14719656.615737502,mid,low,mid_tick__low_volume,stratified
CFG,20.0,34.67075,562779.95,232.83623797121743,0.0002884275650223,19512002.951462496,high,low,high_tick__low_volume,stratified
CI,20.0,336.2735,148781.65,194.261289487234,2.9737698629240783e-05,50031326.181275,low,mid,low_tick__mid_volume,stratified
CINF,20.0,115.389,293760.45,172.92634745695358,8.666337345847524e-05,33896724.565050006,mid,mid,mid_tick__mid_volume,stratified
CMCSA,20.0,38.37,8015068.8,210.78877636528188,0.0002606202762574,307538189.85599995,high,high,high_tick__high_volume,stratified
CMS,20.0,60.23625,278565.6,160.65331279378103,0.0001660129905165,16779747.123,high,low,high_tick__low_volume,stratified
COR,20.0,233.234,151035.75,179.60852883838325,4.287539552552372e-05,35226672.1155,low,mid,low_tick__mid_volume,stratified
CSX,20.0,32.964999999999996,4393410.1,187.61325420612843,0.0003033520400424,144828763.94649997,high,high,high_tick__high_volume,stratified
DHI,20.0,142.0315,265574.1,248.50366166297152,7.040691677550403e-05,37719887.78415,mid,mid,mid_tick__mid_volume,stratified
DLR,20.0,148.42525,149133.5,199.55085031008304,6.737398117907835e-05,22135177.020875,mid,low,mid_tick__low_volume,stratified
DOC,20.0,19.44925,454771.2,207.2182935444233,0.0005141586436494,8844958.7616,high,low,high_tick__low_volume,stratified
DVA,20.0,142.2935,109550.35,262.42855954838495,7.027727900431152e-05,15588302.727725,mid,low,mid_tick__low_volume,stratified
DVN,20.0,46.697,802476.3,207.48659195649248,0.0002141465190483,37473235.7811,high,mid,high_tick__mid_volume,stratified
EA,20.0,137.51,981021.75,165.0031244728967,7.272198385571959e-05,134900300.8425,mid,high,mid_tick__high_volume,stratified
EBAY,20.0,53.456500000000005,2081986.2,235.10243825413377,0.0001870679898609,111295695.3003,high,high,high_tick__high_volume,stratified
EFX,20.0,238.3835,101490.65,233.29250423139692,4.194921208892394e-05,24193696.364274997,low,low,low_tick__low_volume,stratified
EL,20.0,115.5435,300169.55,274.17459675671455,8.65474907718738e-05,34682640.400424995,mid,mid,mid_tick__mid_volume,stratified
ENPH,20.0,118.28600000000002,1190976.1,542.2187958323653,8.45408585969599e-05,140875798.96460003,mid,high,mid_tick__high_volume,stratified
EPAM,20.0,179.2995,87452.0,245.04658467357012,5.5772603939219016e-05,15680099.874,low,low,low_tick__low_volume,stratified
EQT,20.0,39.2465,1023697.35,282.16330241467995,0.0002547997910641,40176538.046775,high,mid,high_tick__mid_volume,stratified
ETSY,20.0,61.4725,1341301.85,334.62745798271266,0.0001626743665866,82453177.97412501,high,high,high_tick__high_volume,stratified
EXR,20.0,153.87,144807.55,238.10607184135688,6.498992656138298e-05,22281537.7185,mid,low,mid_tick__low_volume,stratified
FCX,20.0,49.3265,1431620.0,315.96404008809975,0.0002027307836558,70616803.92999999,high,high,high_tick__high_volume,stratified
FDX,20.0,261.62600000000003,327574.45,294.09424180267445,3.822250082178377e-05,85701993.05570002,low,high,low_tick__high_volume,stratified
FE,20.0,38.75425,310282.05,146.8292910197018,0.0002580362153828,12024748.1362125,high,low,high_tick__low_volume,stratified
FITB,20.0,36.019,1812374.95,214.01048838073385,0.0002776312501735,65279933.324049994,high,high,high_tick__high_volume,stratified
FSLR,20.0,265.0025,989367.6,553.1527490328922,3.773549306138621e-05,262184887.419,low,high,low_tick__high_volume,stratified
GOOGL,20.0,178.1105,8731332.25,191.25043438247872,5.614492127078415e-05,1555141952.713625,mid,high,mid_tick__high_volume,stratified
GPC,20.0,140.93075000000002,98535.8,180.75172674108492,7.095683518323715e-05,13886724.195850002,mid,low,mid_tick__low_volume,stratified
GS,20.0,453.5665,222644.7,193.22745863624183,2.204748366557054e-05,100984177.32255,low,high,low_tick__high_volume,stratified
HAL,20.0,33.88725,994595.7,268.10669614266726,0.0002950962382607,33704113.134825,high,mid,high_tick__mid_volume,stratified
HAS,20.0,59.2675,802980.75,250.90705553875333,0.000168726536466,47590661.600625,high,mid,high_tick__mid_volume,stratified
HBAN,20.0,12.8645,5785936.9,255.94755524300885,0.0007773329705779,74433185.25005001,high,high,high_tick__high_volume,stratified
HOLX,20.0,73.1175,610648.8,180.89940524360213,0.000136766164051,44649113.63400001,high,mid,high_tick__mid_volume,stratified
HSIC,20.0,66.874,448704.4,205.21806157183565,0.0001495349463169,30006658.0456,high,mid,high_tick__mid_volume,stratified
HUBB,20.0,375.14875,99701.25,308.10316400486977,2.6656093083077047e-05,37402799.3109375,low,mid,low_tick__mid_volume,stratified
HWM,20.0,81.11274999999999,309124.55,240.6647737333066,0.0001232851801967,25073942.343012497,mid,mid,mid_tick__mid_volume,stratified
INTC,,,,,,,,,,comparison
IT,20.0,440.238,51550.85,172.22768766713514,2.271498598485365e-05,22694643.1023,low,low,low_tick__low_volume,stratified
ITW,20.0,239.3195,113606.75,160.68102726952313,4.1785144963114165e-05,27188310.606625,low,mid,low_tick__mid_volume,stratified
JBHT,20.0,158.47899999999998,370766.9,211.4769479174644,6.309984288139123e-05,58758767.5451,mid,mid,mid_tick__mid_volume,stratified
KHC,20.0,33.2665,3100415.9,219.8606615169633,0.0003006027084304,103139985.53735,high,high,high_tick__high_volume,stratified
LIN,20.0,437.12749999999994,797480.3,158.6287780208476,2.2876620665595283e-05,348600569.83825,low,high,low_tick__high_volume,stratified
MAS,20.0,67.61749999999999,169393.4,233.982435551777,0.0001478907087662,11453958.2245,high,low,high_tick__low_volume,stratified
MKTX,20.0,198.225,206437.7,307.0008991564264,5.0447723546474966e-05,40921113.0825,low,mid,low_tick__mid_volume,stratified
MMC,20.0,210.75875,188034.75,136.0663276681003,4.7447614867710114e-05,39629968.8665625,low,mid,low_tick__mid_volume,stratified
MPWR,20.0,796.7895000000001,247772.3,361.7218773031983,1.2550366188309456e-05,197422367.03085,low,high,low_tick__high_volume,stratified
MS,20.0,96.725,601107.05,166.70511334651837,0.0001033858878263,58142079.41125,mid,mid,mid_tick__mid_volume,stratified
MSFT,,,,,,,,,,comparison
MTB,20.0,146.28050000000002,89647.75,202.88245635905065,6.836181172473432e-05,13113717.693875002,mid,low,mid_tick__low_volume,stratified
MTD,20.0,1435.59,24663.1,218.22596258258,6.965777136926282e-06,35406099.728999995,low,mid,low_tick__mid_volume,stratified
NDAQ,20.0,59.4975,895835.15,169.7792520199774,0.0001680742888356,53299951.837125,high,mid,high_tick__mid_volume,stratified
NEM,20.0,41.494,704814.1,254.46613767961225,0.000240998698607,29245556.2654,high,mid,high_tick__mid_volume,stratified
NOW,20.0,728.654,176636.6,237.5721055005601,1.3723934816799194e-05,128706965.1364,low,high,low_tick__high_volume,stratified
NUE,20.0,157.43325,225304.05,258.0091623488073,6.3518983442189e-05,35470348.829662494,mid,mid,mid_tick__mid_volume,stratified
NVR,20.0,7599.3545,2061.4,207.00966085735837,1.3159012387170515e-06,15665309.3663,low,low,low_tick__low_volume,stratified
OKE,20.0,79.99,251790.7,162.57525998239618,0.0001250156269533,20140738.093,mid,low,mid_tick__low_volume,stratified
OTIS,20.0,97.269,232432.25,152.60330934757243,0.0001028076776773,22608452.525250003,mid,low,mid_tick__low_volume,stratified
PANW,20.0,315.23249999999996,1075256.95,296.34957771275776,3.1722617433164416e-05,338955936.49087495,low,high,low_tick__high_volume,stratified
PAYC,20.0,144.09075,122761.6,271.22013543592436,6.940070754021337e-05,17688811.015200004,mid,low,mid_tick__low_volume,stratified
PAYX,20.0,122.2105,961602.5,266.22176276411676,8.182602967830097e-05,117517922.32625,mid,high,mid_tick__high_volume,stratified
POOL,20.0,333.907,189617.65,336.48546636394974,2.9948458702572875e-05,63314660.658549994,low,high,low_tick__high_volume,stratified
PPL,20.0,28.20475,415422.95,140.9351602767783,0.0003545502087414,11716900.4490125,high,low,high_tick__low_volume,stratified
REG,20.0,61.541,501945.55,152.68442123120315,0.0001624932971514,30890231.09255,high,mid,high_tick__mid_volume,stratified
RF,20.0,18.91025,854508.15,226.42181798057936,0.0005288137385809,16158962.7435375,high,low,high_tick__low_volume,stratified
RL,20.0,181.83,114610.55,251.87756588479323,5.4996425232359903e-05,20839636.3065,low,low,low_tick__low_volume,stratified
ROST,20.0,145.91275000000002,1119197.25,170.2724178775933,6.853410685495269e-05,163305148.53993753,mid,high,mid_tick__high_volume,stratified
RSG,20.0,190.42275,96558.85,119.06743859831792,5.251473366496388e-05,18387001.753837503,low,low,low_tick__low_volume,stratified
SBUX,20.0,80.163,3529210.5,199.24325680684657,0.0001247458303706,282912101.3115,mid,high,mid_tick__high_volume,stratified
SNPS,20.0,590.6155,358699.25,248.9758423186377,1.6931489268398814e-05,211853336.88837495,low,high,low_tick__high_volume,stratified
SO,20.0,78.5955,323193.7,152.1002960499007,0.0001272337474791,25401570.44835,high,mid,high_tick__mid_volume,stratified
SRE,20.0,75.80225,261864.55,167.6330239347007,0.0001319222054754,19849922.0852375,high,low,high_tick__low_volume,stratified
STZ,20.0,256.20775,129952.15,164.03297787256676,3.903082557026476e-05,33294747.959162496,low,mid,low_tick__mid_volume,stratified
SYF,20.0,44.1385,528974.6,256.85451668835043,0.0002265595795054,23348145.3821,high,low,high_tick__low_volume,stratified
SYY,20.0,72.423,306541.15,162.55050847972146,0.0001380776825041,22200629.70645,high,low,high_tick__low_volume,stratified
TER,20.0,145.3505,1110662.75,315.13205826620026,6.8799212937004e-05,161435386.043875,mid,high,mid_tick__high_volume,stratified
TROW,20.0,116.513,451180.85,177.29639360993377,8.582733257233099e-05,52568434.376049995,mid,mid,mid_tick__mid_volume,stratified
TTWO,20.0,159.5125,716510.65,216.04452745574025,6.269101167620093e-05,114292405.058125,mid,high,mid_tick__high_volume,stratified
UAL,20.0,50.598,2066079.25,318.25324588441157,0.0001976362702083,104539477.8915,high,high,high_tick__high_volume,stratified
UBER,20.0,69.655,1623074.9,314.11087412340316,0.0001435647117938,113055282.1595,high,high,high_tick__high_volume,stratified
UHS,20.0,188.12775,76110.05,277.69339737770395,5.315536915739437e-05,14318412.458887504,low,low,low_tick__low_volume,stratified
UPS,20.0,136.7925,481190.8,198.78523005161588,7.310342306778516e-05,65823292.509,mid,high,mid_tick__high_volume,stratified
VMC,20.0,249.413,94241.4,204.335285842646,4.009414104316936e-05,23505030.2982,low,low,low_tick__low_volume,stratified
VRSN,20.0,179.3355,345575.45,172.1073552452451,5.576140808707702e-05,61973946.113475,low,mid,low_tick__mid_volume,stratified
VST,20.0,88.20349999999999,1067835.7,627.1189252685197,0.0001133741858316,94186846.16494998,mid,high,mid_tick__high_volume,stratified
VTRS,20.0,10.4385,3961847.95,281.5268111648714,0.0009579920486659,41355749.82607501,high,mid,high_tick__mid_volume,stratified
WAB,20.0,161.8945,133537.1,185.9192538527321,6.176862092288496e-05,21618922.03595,mid,low,mid_tick__low_volume,stratified
WYNN,20.0,90.5695,653624.3,188.14131992232296,0.0001104124456908,59198426.038849995,mid,mid,mid_tick__mid_volume,stratified
YUM,20.0,136.10475,218685.6,156.7656609613732,7.347282148492246e-05,29764148.9166,mid,mid,mid_tick__mid_volume,stratified
ZBH,20.0,109.2635,245900.5,204.31491197328532,9.15218714392272e-05,26867949.281749997,mid,mid,mid_tick__mid_volume,stratified
