column,delta,r2_in,r2_out,session
signed_vol,0.25,0.43032927589974557,0.36437269594874644,MSFT_2024-06-03
signed_vol,0.5,0.42326996858410004,0.23190712314794826,MSFT_2024-06-03
signed_vol,0.75,0.31505545780986166,-0.19169769768778444,MSFT_2024-06-03
signed_vol,1.0,0.16297295244558296,-0.6384809360994563,MSFT_2024-06-03
ofi_best,0.25,0.45389455452286853,0.3505181945604702,MSFT_2024-06-03
ofi_best,0.5,0.5922175450429759,0.47474610403683126,MSFT_2024-06-03
ofi_best,0.75,0.636675391445471,0.3364186397830369,MSFT_2024-06-03
ofi_best,1.0,0.5394818323851289,-0.41907399558702285,MSFT_2024-06-03
signed_vol,0.25,0.4234820140590887,0.18818843277111785,MSFT_2024-02-01
signed_vol,0.5,0.426941062976412,0.12251817100626117,MSFT_2024-02-01
signed_vol,0.75,0.35421146774848755,-0.03238644691383952,MSFT_2024-02-01
signed_vol,1.0,0.2473153707414315,-0.20200489690019507,MSFT_2024-02-01
ofi_best,0.25,0.4822677746230718,0.3399040203803837,MSFT_2024-02-01
ofi_best,0.5,0.614175574705246,0.42537724538320565,MSFT_2024-02-01
ofi_best,0.75,0.6642149841974128,0.2869752220577605,MSFT_2024-02-01
ofi_best,1.0,0.6303252329353761,-0.4025221854958252,MSFT_2024-02-01
signed_vol,0.25,0.40604694735802827,0.17990060707622446,MSFT_2024-04-01
signed_vol,0.5,0.42601775841641265,-0.0439665705118355,MSFT_2024-04-01
signed_vol,0.75,0.34017426670261675,-0.2827584542249404,MSFT_2024-04-01
signed_vol,1.0,0.1728907251410512,-0.07225925057188975,MSFT_2024-04-01
ofi_best,0.25,0.39162037302982666,0.1900381426702702,MSFT_2024-04-01
ofi_best,0.5,0.526211095305708,0.15330686328035814,MSFT_2024-04-01
ofi_best,0.75,0.5900325680035066,-0.5387447809171937,MSFT_2024-04-01
ofi_best,1.0,0.5407194553251036,-3.15365274617909,MSFT_2024-04-01
signed_vol,0.25,0.4012834008663777,0.25831176497234687,MSFT_2024-10-01
signed_vol,0.5,0.37875302066617667,0.21693586479009963,MSFT_2024-10-01
signed_vol,0.75,0.27104686846853376,0.18805718478354005,MSFT_2024-10-01
signed_vol,1.0,0.13536349541481074,0.15080101680044156,MSFT_2024-10-01
ofi_best,0.25,0.5106366828529911,0.3739260990231017,MSFT_2024-10-01
ofi_best,0.5,0.6311519786340853,0.4460882945866177,MSFT_2024-10-01
ofi_best,0.75,0.6726105572685452,0.387630496322495,MSFT_2024-10-01
ofi_best,1.0,0.6111347659730993,0.05419256024844821,MSFT_2024-10-01
signed_vol,0.25,0.4444663893601466,0.1905498600301806,MSFT_2024-12-02
signed_vol,0.5,0.4570480771981277,0.27084401944756664,MSFT_2024-12-02
signed_vol,0.75,0.2846628007290093,0.43766272408993123,MSFT_2024-12-02
signed_vol,1.0,0.10256778574244052,0.21512174203079992,MSFT_2024-12-02
ofi_best,0.25,0.4170781347270951,0.1583149048562401,MSFT_2024-12-02
ofi_best,0.5,0.5853013677055892,0.21504035749318373,MSFT_2024-12-02
ofi_best,0.75,0.5884192075684667,0.33320533394629515,MSFT_2024-12-02
ofi_best,1.0,0.33842959633259173,0.4015836593369645,MSFT_2024-12-02
signed_vol,0.25,0.42621462262340837,0.41655665140943365,INTC_2024-08-02
signed_vol,0.5,0.43233621510952724,0.20692638178462308,INTC_2024-08-02
signed_vol,0.75,0.3513558464363403,-0.11810322390055283,INTC_2024-08-02
signed_vol,1.0,0.2210628471243432,-0.21481082618325198,INTC_2024-08-02
ofi_best,0.25,0.39441165822061197,-0.1738236372253159,INTC_2024-08-02
ofi_best,0.5,0.5640640054665056,-0.15999043947227398,INTC_2024-08-02
ofi_best,0.75,0.624953335023436,-0.3923315994643639,INTC_2024-08-02
ofi_best,1.0,0.5716086468187708,-0.746194789638897,INTC_2024-08-02
signed_vol,0.25,0.5235799653493767,0.5297270879458087,INTC_2024-02-01
signed_vol,0.5,0.46757786923753486,0.3632653720491792,INTC_2024-02-01
signed_vol,0.75,0.3593896515489907,0.18623366911300876,INTC_2024-02-01
signed_vol,1.0,0.2334081653981389,0.09518068183850625,INTC_2024-02-01
ofi_best,0.25,0.3773536619990919,0.18571378798548177,INTC_2024-02-01
ofi_best,0.5,0.5323112689346039,0.3671327520017834,INTC_2024-02-01
ofi_best,0.75,0.5930488180222284,0.34267994136404145,INTC_2024-02-01
ofi_best,1.0,0.579539757894626,0.12280769145073511,INTC_2024-02-01
signed_vol,0.25,0.5007687053166043,0.36866464054010206,INTC_2024-04-01
signed_vol,0.5,0.46049298509115844,0.023791762227476032,INTC_2024-04-01
signed_vol,0.75,0.2722978295415962,-0.22772397633748165,INTC_2024-04-01
signed_vol,1.0,0.0860752302696246,0.021982866351675012,INTC_2024-04-01
ofi_best,0.25,0.33674221329857723,0.13290035067960904,INTC_2024-04-01
ofi_best,0.5,0.5421731719665168,0.08970151322676456,INTC_2024-04-01
ofi_best,0.75,0.6369326594519257,-0.6119288156391158,INTC_2024-04-01
ofi_best,1.0,0.5739724941273332,-1.8961093182352804,INTC_2024-04-01
signed_vol,0.25,0.5409860259187194,0.46010418719446144,INTC_2024-10-01
signed_vol,0.5,0.4755508686111172,0.09887830413369247,INTC_2024-10-01
signed_vol,0.75,0.3486221971450658,-0.8980025767663748,INTC_2024-10-01
signed_vol,1.0,0.2029943305305577,-2.3286764574464733,INTC_2024-10-01
ofi_best,0.25,0.33339528839183774,0.2015466948654372,INTC_2024-10-01
ofi_best,0.5,0.5220982827199628,0.4786676152564274,INTC_2024-10-01
ofi_best,0.75,0.6283202857488178,0.5060889703542126,INTC_2024-10-01
ofi_best,1.0,0.6480060702884343,-0.21735925288497082,INTC_2024-10-01
signed_vol,0.25,0.429610753081786,0.3601098449758434,INTC_2024-12-02
signed_vol,0.5,0.43043651045376574,0.3274471550982496,INTC_2024-12-02
signed_vol,0.75,0.3011402053065315,0.246044249217515,INTC_2024-12-02
signed_vol,1.0,0.14721492058880603,0.165009216045368,INTC_2024-12-02
ofi_best,0.25,0.3367000035621355,0.36161132939754104,INTC_2024-12-02
ofi_best,0.5,0.5660927402026646,0.6022582578231611,INTC_2024-12-02
ofi_best,0.75,0.6327000552300037,0.6459357929277147,INTC_2024-12-02
ofi_best,1.0,0.5451806300019932,0.5607856782494334,INTC_2024-12-02
signed_vol,0.25,0.30770595011420854,0.30832558129337273,AAPL_2024-02-01
signed_vol,0.5,0.3270742254147905,0.16671448245520726,AAPL_2024-02-01
signed_vol,0.75,0.2445719470195311,0.033636874265617456,AAPL_2024-02-01
signed_vol,1.0,0.0952335176104353,0.13461882393038438,AAPL_2024-02-01
ofi_best,0.25,0.4641438802753598,0.3397420143218187,AAPL_2024-02-01
ofi_best,0.5,0.5678045849520832,0.34317452629314193,AAPL_2024-02-01
ofi_best,0.75,0.5810917050858151,-0.09721148978762284,AAPL_2024-02-01
ofi_best,1.0,0.44206822042627036,-1.0693962632793443,AAPL_2024-02-01
signed_vol,0.25,0.4433654819380315,0.4030577672526119,AAPL_2024-04-01
signed_vol,0.5,0.4269542346488816,0.2804037757793163,AAPL_2024-04-01
signed_vol,0.75,0.2521500965647685,0.3199712020626895,AAPL_2024-04-01
signed_vol,1.0,0.06441176896076317,0.23721736136135974,AAPL_2024-04-01
ofi_best,0.25,0.3897100797650914,0.23585204252367475,AAPL_2024-04-01
ofi_best,0.5,0.5585034983965736,0.32920360334026333,AAPL_2024-04-01
ofi_best,0.75,0.6262170000398405,0.12987652359883084,AAPL_2024-04-01
ofi_best,1.0,0.5207891186238602,-0.20376529187127157,AAPL_2024-04-01
signed_vol,0.25,0.4031594223610393,0.37841767191675724,AAPL_2024-06-03
signed_vol,0.5,0.4516201773399171,0.38069941201968394,AAPL_2024-06-03
signed_vol,0.75,0.3840987412149771,0.28949166728134335,AAPL_2024-06-03
signed_vol,1.0,0.20363161505623129,0.15880615867561665,AAPL_2024-06-03
ofi_best,0.25,0.47317626766714127,0.29154315050627466,AAPL_2024-06-03
ofi_best,0.5,0.6253841323421285,0.46431294782264254,AAPL_2024-06-03
ofi_best,0.75,0.5970130431519878,0.5890356306052803,AAPL_2024-06-03
ofi_best,1.0,0.36771364919339733,0.509210341970944,AAPL_2024-06-03
signed_vol,0.25,0.4324592307819257,0.3878855007251514,AAPL_2024-08-01
signed_vol,0.5,0.44562670597409415,0.43801690134160753,AAPL_2024-08-01
signed_vol,0.75,0.3699700111992348,0.4292066232373427,AAPL_2024-08-01
signed_vol,1.0,0.230411978634657,0.3454970747848858,AAPL_2024-08-01
ofi_best,0.25,0.5810699991874784,0.5087649766439496,AAPL_2024-08-01
ofi_best,0.5,0.7203677830729653,0.6693848461324271,AAPL_2024-08-01
ofi_best,0.75,0.7381455303564495,0.7747809145843991,AAPL_2024-08-01
ofi_best,1.0,0.5818181681744785,0.7571023591925599,AAPL_2024-08-01
signed_vol,0.25,0.3376263054257912,0.30536930423575814,AAPL_2024-10-01
signed_vol,0.5,0.3761041523481249,0.3027890033553249,AAPL_2024-10-01
signed_vol,0.75,0.31679892771278484,0.25427122962420456,AAPL_2024-10-01
signed_vol,1.0,0.1871091318618101,0.17204654392912633,AAPL_2024-10-01
ofi_best,0.25,0.5285580164352472,0.41222969922120667,AAPL_2024-10-01
ofi_best,0.5,0.66077874124066,0.523092482082055,AAPL_2024-10-01
ofi_best,0.75,0.688257342338698,0.5381796418277142,AAPL_2024-10-01
ofi_best,1.0,0.5708803844635146,0.4320578868658671,AAPL_2024-10-01
