q,impact,n,symbol
0.00026559118366817905,0.023295268628598962,353,AAPL
0.00037649249914956573,0.031044405101339156,353,AAPL
0.0004533885573469124,0.031178584422348346,353,AAPL
0.0005291250187293833,0.03337501139532495,353,AAPL
0.0006070777979396709,0.03989133563413747,353,AAPL
0.0006914265954802156,0.03981881829243656,353,AAPL
0.0007894210129859323,0.04920221578002431,352,AAPL
0.0009188194316529409,0.05267587475552072,353,AAPL
0.0011071789386663151,0.05487307650545061,353,AAPL
0.0013867278499660799,0.06059802949389965,353,AAPL
0.002006961219818441,0.07944799489493282,353,AAPL
0.005494130846792454,0.09470174178471504,353,AAPL
0.00030293115423428446,0.025180058740848454,1027,ABBV
0.0005243609311473837,0.028439537363691716,1027,ABBV
0.0007014640712587247,0.0333477743317919,1026,ABBV
0.0008719251658685144,0.03732051830043322,1027,ABBV
0.0010474170472910074,0.04351596058780667,1026,ABBV
0.001230144005928488,0.04508319827255413,1027,ABBV
0.00144650955185769,0.051316285392248494,1026,ABBV
0.001705242579174788,0.05409292857182139,1027,ABBV
0.0020245152359150255,0.061302940680338994,1026,ABBV
0.00246768416878259,0.0657171275979901,1026,ABBV
0.0032164171553451565,0.07778797282953107,1027,ABBV
0.006293371892053566,0.08937390948711811,1027,ABBV
0.00025343038750707457,0.024470800850624853,1242,AEP
0.00044284054497659907,0.029104469383240014,1243,AEP
0.0005954660393608127,0.03422530084068278,1242,AEP
0.000734839548634215,0.036385730211665954,1241,AEP
0.0008844675924362007,0.04137325583568709,1242,AEP
0.0010536800108503729,0.04441976828232326,1242,AEP
0.0012330939115205897,0.04785100664692192,1242,AEP
0.0014438555392203578,0.05655733204266375,1242,AEP
0.0017068599498759164,0.0591471807014014,1242,AEP
0.002091973354198274,0.06691063478536897,1242,AEP
0.0027363397867480664,0.07546365392880648,1242,AEP
0.0061735894270901395,0.09475512372277241,1242,AEP
0.0002558518353263195,0.02079740114698763,564,AJG
0.0006051064360670159,0.027629268214103164,563,AJG
0.0009947108230468535,0.036152377956436,563,AJG
0.001387918046181933,0.03890679186212599,563,AJG
0.0018196328662785763,0.044748543118867765,563,AJG
0.0022953071067902996,0.04952272889167061,565,AJG
0.0028729776503147275,0.05166720752232645,562,AJG
0.0035426495705902232,0.052114703745062226,563,AJG
0.004350566642952374,0.06318595000745345,563,AJG
0.005536413622887093,0.06552982016466219,563,AJG
0.007490904661740993,0.07521604594844761,563,AJG
0.014918830978053629,0.07695054690496886,564,AJG
0.0002722710916326443,0.0154269114809777,564,ALLE
0.0006511671413696911,0.02784013362788247,564,ALLE
0.0010651075527013396,0.03336258480192832,564,ALLE
0.0015259007289036967,0.03663087601408409,564,ALLE
0.002023103540458205,0.04079118443774792,565,ALLE
0.002551729761044035,0.04586152202449001,563,ALLE
0.0031644937507529203,0.051073265217890636,563,ALLE
0.003916139266283837,0.050098658472960425,564,ALLE
0.004826169103081701,0.05886691232989852,564,ALLE
0.006132650433295489,0.06154348030674755,564,ALLE
0.008333496832036862,0.0685238993599653,564,ALLE
0.01639723440191631,0.07344726332588836,564,ALLE
0.00033628277064261177,0.024263211758287904,204,AMCR
0.0006685675107196784,0.03438143574527376,204,AMCR
0.0010138307035413015,0.053574590360481886,204,AMCR
0.001460792913872196,0.053511719299885525,204,AMCR
0.001987772144217564,0.06856853030013822,204,AMCR
0.0025938969019001184,0.05506800467053898,204,AMCR
0.0033842284856114204,0.07681767824668921,204,AMCR
0.0042537999715795746,0.08355382629368512,204,AMCR
0.0055157175149081646,0.08699393153341295,204,AMCR
0.007390534554947498,0.10025951905428061,204,AMCR
0.010788950376825496,0.09947245861891364,204,AMCR
0.026551069812125933,0.13206387400008984,204,AMCR
0.0002666627303005756,0.021928030918592148,504,AMP
0.0006110325959584449,0.02768588951405147,501,AMP
0.0010033680124768864,0.03280034807474777,503,AMP
0.0014566850741578599,0.0398566848747329,502,AMP
0.0019622736261976073,0.041742706737921846,503,AMP
0.0025048372469092554,0.04711400382727274,502,AMP
0.003152159586706622,0.048741201084607666,502,AMP
0.003946848019894314,0.05536463090970952,503,AMP
0.004886386873831269,0.05763374994998143,502,AMP
0.006229272543639938,0.06314121472876282,503,AMP
0.008440209274829542,0.06736570138447484,502,AMP
0.01665919243868362,0.08113756515164336,503,AMP
0.0002875664017183624,0.029047359061905993,795,ANET
0.000578327142346626,0.037588409370561675,795,ANET
0.0008105516732757312,0.03825416543829196,795,ANET
0.0010434896483890936,0.04595573499955072,795,ANET
0.0012855055084343189,0.04895850178527395,795,ANET
0.0015334098621160518,0.05428649715317051,795,ANET
0.0018378041906183425,0.05558896895925645,796,ANET
0.0021913800236213416,0.06578213499186589,794,ANET
0.002663208670264091,0.062171853876217625,795,ANET
0.0033228312905144034,0.07542876022689209,795,ANET
0.004374912192790099,0.08234791335861784,795,ANET
0.008916700084019083,0.08153549472465793,795,ANET
0.00029429658275838255,0.024219136162059365,1141,APH
0.0005196753244831808,0.030576275679312277,1141,APH
0.000690937819210338,0.03378673714956594,1140,APH
0.0008526542365972676,0.036031593952762966,1141,APH
0.0010259792833548496,0.042930519662631915,1140,APH
0.001208019549568156,0.042098099961970115,1141,APH
0.0014213831376992646,0.047699570898849394,1140,APH
0.0016776022058466698,0.04910860866108317,1141,APH
0.0020116345278175744,0.05904805171957833,1140,APH
0.002466302113962388,0.060181375210858624,1140,APH
0.003244879189975942,0.07055593450513419,1141,APH
0.006480209898115572,0.08063610149856454,1141,APH
0.00026282509366140915,0.025789462696314158,665,ATO
0.0006087051923647885,0.030512105071718528,665,ATO
0.0009888658572036204,0.03640536865287787,665,ATO
0.00136508223901865,0.04138616353383783,665,ATO
0.0017568280735871067,0.04398370050026152,665,ATO
0.002189740205916208,0.04832481064476211,665,ATO
0.00266932922830838,0.05127123097003278,664,ATO
0.003248733527845549,0.0559202872479799,665,ATO
0.003972175542366638,0.06110250164327901,665,ATO
0.005016582482232053,0.05809236062560968,665,ATO
0.006695076840521625,0.06406487968172761,665,ATO
0.014571499625706598,0.06241078465984823,665,ATO
0.0002795919608195715,0.025634404634791528,545,AVB
0.00062989382291349,0.03371199066793841,544,AVB
0.0010425855570330726,0.03761352502158303,544,AVB
0.0014876558004746027,0.038307513764547774,545,AVB
0.0019629140251848335,0.044195815453457875,544,AVB
0.0025318641633960554,0.04835623495877031,544,AVB
0.003147774587149818,0.04927056811145167,544,AVB
0.003879080623754808,0.057836792115416445,545,AVB
0.004779855602618699,0.05745483921656317,544,AVB
0.006088160769716861,0.06167489110564635,544,AVB
0.008126269316351593,0.06343644530362698,544,AVB
0.01648976554160854,0.07376896218803677,545,AVB
0.0002435829123645037,0.016539125666318055,431,AVY
0.0005831690572145357,0.021326910920474635,431,AVY
0.0009960782910760461,0.03049458780697328,431,AVY
0.0014921893180277288,0.03275006409755061,430,AVY
0.002071324781874902,0.04342107547424927,431,AVY
0.002710376791721163,0.047181838626902506,431,AVY
0.003440508920884687,0.049380213970635696,430,AVY
0.004327306251348289,0.05511658178144422,431,AVY
0.005467047753478476,0.05891465243719481,431,AVY
0.00700593570496442,0.063270364932631,430,AVY
0.009629659845010631,0.06904492549511232,431,AVY
0.01869497705254709,0.07802531874380034,431,AVY
0.00031734321601505755,0.028732273380775664,888,BALL
0.0007084315886679115,0.03412913476329228,888,BALL
0.0010160766303786996,0.035413079647923944,887,BALL
0.0013112888559283558,0.03985629448294958,888,BALL
0.0016083532872771084,0.04305898585705563,887,BALL
0.0019316118505106226,0.04652000486887997,888,BALL
0.0022928015258135183,0.0480270301299575,888,BALL
0.002701716198018111,0.05378492937668965,887,BALL
0.003240766439793901,0.058883939994997817,888,BALL
0.003986379309960042,0.059057055142891814,887,BALL
0.005225612479847129,0.0686832503029121,888,BALL
0.00993446237187053,0.08350057748982252,888,BALL
0.00025572330228548453,0.024306831341360594,602,BDX
0.0005953979371643111,0.03365185343182656,601,BDX
0.0009423276042792736,0.03522140331360314,602,BDX
0.001285035491895902,0.04486791023054624,600,BDX
0.0016532821546741518,0.0437784186990228,600,BDX
0.0020671132358442493,0.04596825214577742,602,BDX
0.0025276622279067685,0.05039198482944255,601,BDX
0.0030595773482593397,0.05631165283897841,601,BDX
0.003746086345837474,0.05694680404576981,601,BDX
0.004766592423141985,0.0661445121337474,600,BDX
0.00641182313915153,0.07007121803108404,602,BDX
0.011978400937095117,0.07146386807445769,601,BDX
0.0002567531492621119,0.01739871327924175,302,BIO
0.0006263174310688325,0.024058538506897226,302,BIO
0.0010623575075855267,0.02826819304765715,302,BIO
0.0016269839345295228,0.03372460833310444,301,BIO
0.002329129609305573,0.03465022435714584,302,BIO
0.0031592506379846,0.04740345261374895,302,BIO
0.003956919521689975,0.042510225177482125,301,BIO
0.005007015294856476,0.04746286762734525,303,BIO
0.006289257388825459,0.05385230821532975,301,BIO
0.00812115746607022,0.05931705360975854,301,BIO
0.01111272703032163,0.0661346222108885,302,BIO
0.021899953054979996,0.06785274692267348,302,BIO
0.00014962028401658046,0.014652239407203475,435,BKNG
0.0002623991952532738,0.018439913842617433,435,BKNG
0.0004161474715265793,0.023202557118922544,435,BKNG
0.0006160021461201619,0.02865724300097599,435,BKNG
0.0008770523643238318,0.033344833108882095,435,BKNG
0.001255664459461371,0.042219785349164984,435,BKNG
0.001779430345531891,0.038919673842584476,435,BKNG
0.002395294768373238,0.03997405882499569,435,BKNG
0.003149914889999081,0.0565107448208968,435,BKNG
0.004239313664838611,0.06529417780905143,435,BKNG
0.0062124212677254565,0.07143190580566118,435,BKNG
0.013666330628433662,0.08588935384861413,435,BKNG
0.0002684637408635174,0.027013052378998332,1031,BKR
0.00045633418248929903,0.03230438159627064,1031,BKR
0.0006098636168041328,0.04045938807250784,1031,BKR
0.0007537990605986226,0.045080619741592116,1031,BKR
0.0009069939564148468,0.04631495498529605,1031,BKR
0.0010763054439559445,0.04965915078667112,1031,BKR
0.0012724745554451133,0.05362359220752896,1030,BKR
0.0015009989931831908,0.0576979312143527,1031,BKR
0.0017985713388314363,0.0660867895734192,1031,BKR
0.0022222757813058725,0.07340555810260485,1031,BKR
0.0029641703751393917,0.08347282699094824,1031,BKR
0.007701564590166515,0.09879807775837085,1031,BKR
0.00021608747615420838,0.020717224366863025,525,BLK
0.00045843512304228153,0.029038621879138884,525,BLK
0.0007745037272493448,0.04050271584459844,525,BLK
0.001159479744495863,0.04430494297675532,525,BLK
0.0016091703702008852,0.04618032404673641,526,BLK
0.0020928655898384643,0.04543623664110425,524,BLK
0.0026141743149037766,0.05623973836087502,526,BLK
0.0032304366091346916,0.053580014277166965,524,BLK
0.004035465650956675,0.0573861011221348,525,BLK
0.005153688648720728,0.07145053683925903,525,BLK
0.0069693361073964975,0.07257052604656263,525,BLK
0.014192061176857637,0.08361468890308571,525,BLK
0.00029693710038659524,0.023005716714763872,1092,BSX
0.000523369784808006,0.029335987262511534,1092,BSX
0.0006973974573258087,0.031192245766538368,1092,BSX
0.0008548053099419627,0.03710281972617574,1092,BSX
0.001015685485884625,0.039773288393075965,1092,BSX
0.0012004142161894848,0.04053555176719339,1092,BSX
0.0014001304389901386,0.04681709775561036,1091,BSX
0.0016446758749844058,0.050545830544517376,1093,BSX
0.00196698299549026,0.0578042657305943,1091,BSX
0.002415506066224353,0.06175202436840786,1092,BSX
0.0031760514252148976,0.07148251295123081,1092,BSX
0.0066001882483844665,0.08860597594653587,1092,BSX
0.0002804919553144911,0.02097495864652311,888,C
0.00045290414432882603,0.027932755900280264,887,C
0.0005874729839923656,0.029454084710603404,887,C
0.0007112195584644355,0.03530422058290603,887,C
0.0008447689117844761,0.03938560649062165,887,C
0.0009822896550071539,0.04231399305104258,888,C
0.0011459755131445137,0.04474417542474826,887,C
0.0013508253505666967,0.05167614255785946,887,C
0.0016034776520143011,0.05511518263418933,887,C
0.001975842524557161,0.06501224526031431,887,C
0.0026369158568639475,0.07203517778135572,887,C
0.005634016772879823,0.09748707595185331,888,C
0.0003173699056525031,0.024632925450024143,805,CBRE
0.0006921766105944844,0.03257228640178841,804,CBRE
0.0010003970437105869,0.036328431654416835,804,CBRE
0.0012978575543711704,0.03973435371826602,804,CBRE
0.0015967804652027465,0.042781999676158144,804,CBRE
0.0019313069172212096,0.046811420328780974,804,CBRE
0.0023078586795433043,0.04903879313923247,804,CBRE
0.0027560516808797287,0.056486105762863656,804,CBRE
0.003355846274423191,0.05796959394350595,804,CBRE
0.004156610742997709,0.06232022814638783,804,CBRE
0.005435072818074215,0.06968114305929575,804,CBRE
0.011064187094043722,0.07992717644072171,805,CBRE
0.00031522339870006564,0.02189146185261711,1024,CFG
0.0005406585099137515,0.02805452606017157,1024,CFG
0.0007278801061607292,0.03154476250866689,1023,CFG
0.0008970449953267124,0.03488140534360298,1025,CFG
0.0010716279084027295,0.037116712350732925,1022,CFG
0.0012615333285187806,0.04102360992324628,1024,CFG
0.0014753078318722871,0.041876436333394544,1024,CFG
0.0017470201525635058,0.04619709212715643,1023,CFG
0.0020994513694786443,0.051386917757949374,1024,CFG
0.0025899343076033294,0.05847198176976394,1023,CFG
0.003418894667824261,0.06767430733005286,1024,CFG
0.007225030822640022,0.08530891540019037,1024,CFG
0.00026814345607656316,0.024495777576058135,565,CI
0.0006223182150276272,0.03402166750078539,562,CI
0.0009611435006424647,0.04425721398702321,563,CI
0.00129866782269027,0.04437027598343747,563,CI
0.0016570541323871087,0.048921458413013964,563,CI
0.002026124990078979,0.04947646825799086,564,CI
0.0024510411237873607,0.053628895599754436,563,CI
0.0030064867516503006,0.05580311390230186,563,CI
0.0036964324449263015,0.062235676354317385,563,CI
0.004648160426385517,0.06635112591592043,563,CI
0.006324189320924152,0.07114324114977183,563,CI
0.012222756795504644,0.07845976408314428,564,CI
0.00024543534418655123,0.020622814769754923,656,CINF
0.0005525621525413304,0.03158696969084189,655,CINF
0.0009055186588122269,0.037700500473653184,655,CINF
0.001244731725311432,0.03920439402120731,655,CINF
0.001586927138179663,0.04357113654821655,655,CINF
0.001960525522849949,0.047821433158500085,657,CINF
0.002365211505253032,0.05297670458740913,654,CINF
0.002861324717955028,0.05813058673909136,655,CINF
0.003484567067070523,0.059214757903952746,655,CINF
0.00436862703150366,0.06469138631494327,655,CINF
0.005953219401453103,0.0800940167776641,655,CINF
0.0146198087334383,0.08302890051486574,656,CINF
0.0002976202606821269,0.025118822595195944,978,CMCSA
0.00047938170561796745,0.03450717916246651,978,CMCSA
0.0006062027319476585,0.04001269614146756,978,CMCSA
0.0007281983050558618,0.04327868385590671,977,CMCSA
0.0008561796584976474,0.0458680703768147,978,CMCSA
0.0009949514575211156,0.053508657777129584,979,CMCSA
0.001151356687055325,0.05825231873839026,976,CMCSA
0.001331870234245396,0.06388467045687037,978,CMCSA
0.0015546575699815503,0.06377112853110561,978,CMCSA
0.0018645672378441158,0.075411231558616,977,CMCSA
0.0023761512405225727,0.08116868503879311,978,CMCSA
0.005184720818970987,0.10666778124900515,978,CMCSA
0.0002974438253233064,0.028179845874929388,1142,CMS
0.0005807225896273282,0.03145869240094952,1142,CMS
0.000817443590010193,0.037618452413781485,1142,CMS
0.0010466479545788651,0.038144411141872565,1142,CMS
0.0012853711498686297,0.04375793763696845,1141,CMS
0.0015402940864333243,0.04374252407480845,1142,CMS
0.0018365980325507326,0.04416125171793738,1142,CMS
0.002183191247210555,0.05393967516539124,1142,CMS
0.002624854666139816,0.054647813134388705,1141,CMS
0.0032411811633415106,0.0650727809694981,1142,CMS
0.004282920239079093,0.06860460996055916,1142,CMS
0.008668299502184154,0.0803328750448709,1142,CMS
0.0002741724422629981,0.02378536050058627,715,COR
0.0006335354172733351,0.03023891182677562,714,COR
0.0009709684750713949,0.035882687415170055,715,COR
0.0012775397202276196,0.037187294893877135,714,COR
0.0016210080265779887,0.045990561255153654,714,COR
0.0020044736925210836,0.048221436848705036,715,COR
0.00240074062375477,0.052632888837029476,714,COR
0.0028935206125856247,0.055446541211323176,714,COR
0.003540928239552564,0.05825603309368133,715,COR
0.004477880785585342,0.06420712227419047,714,COR
0.0059914679915614895,0.07386993745441925,714,COR
0.011454674138857797,0.07630639833655059,715,COR
0.0002868853940674053,0.02612818574742617,876,CSX
0.0005221065501670506,0.037077435280809416,876,CSX
0.0007047982667333844,0.043573433942644874,876,CSX
0.0008920935979549594,0.05010138898224414,876,CSX
0.0010800725628980722,0.05007663663782842,876,CSX
0.0012786529384120914,0.059081840049164655,875,CSX
0.0015025123171766687,0.06255746075288185,876,CSX
0.0017769580670430455,0.0696890141077887,876,CSX
0.002120425768414833,0.07351980902119036,875,CSX
0.0026089342971748397,0.08049523962099729,876,CSX
0.0034259872760070763,0.09179877480294758,876,CSX
0.008699214004037397,0.10681186971023347,876,CSX
0.00030831430731805297,0.026939102887594532,893,DHI
0.0006029874180566215,0.03400317542026312,893,DHI
0.0008473706620689827,0.038206873911024945,893,DHI
0.001072962634242565,0.04252985676704183,893,DHI
0.0012993512266883207,0.044451058104282536,893,DHI
0.0015517653943414851,0.04947469301594238,894,DHI
0.00182138324617525,0.05090961862549917,893,DHI
0.0021556938162176752,0.0542744600234351,892,DHI
0.002587934344689439,0.05988214971334852,893,DHI
0.003185712419900075,0.06715494743457937,893,DHI
0.004175971045512805,0.07253911493668012,894,DHI
0.008287496832340969,0.07943918944769549,892,DHI
0.00030558454966346434,0.0264230479460004,729,DLR
0.000698240832323068,0.032288745695861036,728,DLR
0.0009859946493319194,0.03903978901158604,728,DLR
0.0012763294401951948,0.04457786949321286,728,DLR
0.0015740922848493143,0.04666780481601097,728,DLR
0.0019102035863138372,0.04972244662147851,729,DLR
0.002292844201280546,0.05224846852200612,728,DLR
0.002782686203104737,0.056914396268199496,728,DLR
0.00336093138433808,0.06092158298004149,728,DLR
0.004163222966941944,0.06364159588492928,728,DLR
0.005545693331638941,0.0757005443737028,728,DLR
0.010592453227905993,0.08033258613202506,729,DLR
0.0003425330035237448,0.030748093193190478,594,DOC
0.0006486482751879907,0.03986206512737401,593,DOC
0.0009136386776496814,0.045618771022685106,593,DOC
0.001178787041440565,0.048105758703167904,593,DOC
0.0014748315257829276,0.050007697916676995,593,DOC
0.0018050423809425527,0.058113171668619304,594,DOC
0.0021526154840531115,0.05497955973580465,593,DOC
0.002598856604772919,0.06377288489166777,593,DOC
0.0031730554637217296,0.06845323566487381,593,DOC
0.003980548534708447,0.0716320140918404,593,DOC
0.0055476882830418316,0.07638180606113108,593,DOC
0.01253547099115155,0.09673383348634353,594,DOC
0.00026976320527265555,0.028521704178713393,441,DVA
0.0006674557237854161,0.032745222483862406,436,DVA
0.001105379989726559,0.038492461132706386,439,DVA
0.0015251834255607692,0.03903084243652101,438,DVA
0.0019591848304922194,0.04551685766233051,438,DVA
0.002411567162652156,0.04823620113884652,438,DVA
0.002948973798306999,0.05033253000237583,438,DVA
0.0035739197902763336,0.054454299991776284,439,DVA
0.004441178909029215,0.05699893927681725,438,DVA
0.005575917710282348,0.0671486996859615,438,DVA
0.0074755241152455595,0.0691492868631775,438,DVA
0.013417174273355061,0.0737259837803125,439,DVA
0.00035437528171647066,0.023017197657867607,984,DVN
0.00056345605382646,0.02847577238195197,984,DVN
0.0007179891831924062,0.03238921542981196,984,DVN
0.0008642515438051713,0.035041014382922044,984,DVN
0.0010096516507805031,0.03945843944014635,984,DVN
0.001167204405309226,0.041595470193660715,984,DVN
0.0013493388342349314,0.04535943762377925,984,DVN
0.0015683681984821818,0.04895237622556679,984,DVN
0.0018436408380209767,0.05517572970068848,984,DVN
0.0022196190598719676,0.06252698879395095,984,DVN
0.002890419151119996,0.06942021778791505,984,DVN
0.005532365919451823,0.09315415536872307,984,DVN
0.0002716228031910547,0.021835982652277718,1071,EA
0.0005155082031890004,0.030606165314943607,1069,EA
0.0007180527563681306,0.038166945626669994,1070,EA
0.0009106121596789912,0.03943369089721208,1069,EA
0.001102855942149234,0.04819139438546615,1070,EA
0.0013083420344710858,0.04754832922046672,1070,EA
0.0015279938701656336,0.05218020010083067,1069,EA
0.0017958629415307276,0.06343144327929798,1070,EA
0.0021316022685105504,0.06660581442205975,1070,EA
0.0025762512941153713,0.07787743223439045,1069,EA
0.003285043399255829,0.08441036635036961,1070,EA
0.006756630419831603,0.11258088291407443,1070,EA
0.0002886692908346617,0.01938643703497054,1054,EBAY
0.0004817027606934802,0.026485918378349883,1053,EBAY
0.0006250552060388942,0.03113031968747062,1054,EBAY
0.000762286374338048,0.03832896560133682,1053,EBAY
0.0009017383457217803,0.04090476893200845,1053,EBAY
0.001048350788002993,0.04436151615064267,1054,EBAY
0.0012160386719082714,0.047702389856663155,1053,EBAY
0.0014160258677339606,0.05705442405441595,1053,EBAY
0.0016681958545522002,0.05965760975452494,1054,EBAY
0.0020125113725343513,0.06787114738206478,1053,EBAY
0.002582800780816929,0.0798666181893985,1053,EBAY
0.0058280521735975645,0.11216551378992207,1054,EBAY
0.00027095580752361213,0.02442253359611221,561,EFX
0.000653987498841521,0.02880221267984368,561,EFX
0.0010304234997538604,0.0363812789621347,561,EFX
0.0014295284823638587,0.038956511079106276,560,EFX
0.0018237467334242684,0.04313053788690178,560,EFX
0.002300486136663872,0.05060479149155654,561,EFX
0.002807280792304661,0.05190677743300198,561,EFX
0.0034113070965443135,0.05200520630380153,560,EFX
0.004179947801634742,0.05779209635763417,561,EFX
0.005292886372888644,0.06787782074396356,560,EFX
0.007197361412208498,0.07113363375779504,561,EFX
0.014701562107375997,0.06903252125235096,561,EFX
0.00030612052460206866,0.025236635818365365,988,EL
0.000578384499742277,0.031181220229495023,988,EL
0.000791551215852171,0.03661583303805834,988,EL
0.0009976578953778282,0.041036275913284875,988,EL
0.0012171412518686804,0.04378192928739904,987,EL
0.001455192459006146,0.04629854882531578,988,EL
0.0017305762952230389,0.05305600957687047,988,EL
0.0020490635983249723,0.05763612459588875,988,EL
0.0024609403609087642,0.06177298844816862,987,EL
0.0030519662800274883,0.06994794463333784,988,EL
0.004008517946555781,0.0753217131022376,988,EL
0.00794927073060221,0.08648433377821425,988,EL
0.00025690925289918227,0.02195535867143847,954,ENPH
0.00045706705937109416,0.030519782268487578,954,ENPH
0.0006101480147563269,0.03382934872718912,953,ENPH
0.0007648309093621778,0.04075732082751661,954,ENPH
0.0009355802319165203,0.04446102537339858,953,ENPH
0.0011232963753974535,0.05255668966739757,954,ENPH
0.001337870101395052,0.05501304416966206,953,ENPH
0.0015999337708970194,0.06063727098133398,954,ENPH
0.0019293788595835287,0.06728006035555255,953,ENPH
0.002401192979102766,0.07489099999076013,954,ENPH
0.0032567098416403355,0.09080292184179477,953,ENPH
0.00726695410492478,0.11287523832174694,954,ENPH
0.00025330691584611603,0.023445788781460936,436,EPAM
0.0006352660715833069,0.028459491649305446,433,EPAM
0.001073383792442238,0.031802440287264214,434,EPAM
0.0015063458175782849,0.03249836044081963,434,EPAM
0.0020189190134518196,0.040360746873892475,434,EPAM
0.0025757685322335172,0.047933176309454054,435,EPAM
0.0031514999144252576,0.04967493954153958,434,EPAM
0.003901477631003438,0.04367098778059406,434,EPAM
0.004922039007879853,0.059371958495021526,434,EPAM
0.006271885204198294,0.06693321650638484,434,EPAM
0.008438022474674673,0.06782321138552412,434,EPAM
0.017492827847166867,0.07896405803015505,435,EPAM
0.0003083327272462583,0.02395234903233315,952,EQT
0.0005166804161763841,0.030701600580524454,951,EQT
0.0006704810567865451,0.03412246002050103,951,EQT
0.0008164164574830928,0.03988638797598707,951,EQT
0.000965816856988736,0.04362781353149445,951,EQT
0.0011271720648962772,0.04631263333972608,951,EQT
0.0013124912627122088,0.04965767573262766,951,EQT
0.0015335534473162424,0.05156407453804922,951,EQT
0.0018155069061341303,0.06174889140906888,951,EQT
0.002220002105641582,0.06908270367234154,951,EQT
0.0029179924032424814,0.07812460224308651,951,EQT
0.0058770649948820825,0.0906150595152437,951,EQT
0.00027996862053997456,0.020494688166573224,1082,ETSY
0.0004986387326729541,0.02864163427918839,1082,ETSY
0.0006609665988404005,0.032458111598429755,1081,ETSY
0.0008185483662591668,0.037181939946541905,1082,ETSY
0.0009795119362427391,0.04342121794523638,1081,ETSY
0.0011561264451301538,0.04632462941743577,1082,ETSY
0.001361188971327988,0.052239090288202256,1082,ETSY
0.001603998197428623,0.053946780419067294,1081,ETSY
0.0019113245052666617,0.06175541442827069,1082,ETSY
0.002346171764864186,0.07337603770872256,1081,ETSY
0.00307809181111442,0.0849126755592285,1082,ETSY
0.00672618543259006,0.108675895516712,1082,ETSY
0.00028368041758128473,0.02605887604841067,562,EXR
0.000714497251056957,0.03464655923459664,559,EXR
0.001138854401780399,0.036881406886789876,561,EXR
0.0015462193573931016,0.04473541097992247,560,EXR
0.00199435131243625,0.047945668760761395,560,EXR
0.002495625833960138,0.04977542989490053,561,EXR
0.0030225723808100257,0.055252986806763715,560,EXR
0.003653231040710521,0.05887863508025826,560,EXR
0.004485808735433515,0.06445938950895731,561,EXR
0.005624190767446305,0.06297367151201384,560,EXR
0.007522759788733884,0.06901991003891046,560,EXR
0.014994243249171488,0.07595301348202971,561,EXR
0.0002832202849106554,0.022110831074207936,931,FCX
0.00046027327015289406,0.026706521937298243,930,FCX
0.0005961098204438355,0.031119240379865607,931,FCX
0.000729917185028515,0.0353801163312081,930,FCX
0.0008600232441960868,0.03809680629336669,930,FCX
0.0010016731111874855,0.04238812662051058,931,FCX
0.0011650425689594451,0.046155748367035614,930,FCX
0.0013556949740778513,0.05043318952336862,930,FCX
0.0016093810948654595,0.05829272129719432,931,FCX
0.001965831286712908,0.06069906451887342,930,FCX
0.0026114728535962307,0.0717017854575402,930,FCX
0.005192094482908186,0.09897907790147957,931,FCX
0.000265784050781393,0.023171228875247717,732,FDX
0.0005711933743506555,0.03290731702599729,732,FDX
0.0008508151419733712,0.036861637928564485,731,FDX
0.0011242046726627917,0.042538872970932506,732,FDX
0.0014088109097649332,0.044668113957208135,731,FDX
0.0017415369704409708,0.049558703951599184,732,FDX
0.0021185432240412258,0.052965709392905826,731,FDX
0.0025747551815710167,0.055172878422391596,732,FDX
0.0031527591217941214,0.061744473038222794,731,FDX
0.0039053187741941177,0.06505777671041173,732,FDX
0.005222569199746221,0.06941077588171696,731,FDX
0.010497905989092927,0.07929117705218187,732,FDX
0.00035706210638094366,0.025613165000851448,935,FE
0.0006418684434860693,0.032106975276905404,935,FE
0.0008598622780440762,0.036775068128859,934,FE
0.0010681185469076785,0.03997853641169221,935,FE
0.001280744218118233,0.0447366283684883,934,FE
0.0015103202746387075,0.045352148922495256,935,FE
0.0017716332844296692,0.051935216084126004,935,FE
0.002083535740173172,0.054801653745279046,934,FE
0.0024991782178070093,0.0618611428053937,935,FE
0.0030597430561273937,0.06455645363271238,934,FE
0.003985218048452945,0.07668021081684975,935,FE
0.007848155198278568,0.09922726411957956,935,FE
0.00027901707470983294,0.02170083543759651,1056,FITB
0.0004820164745644199,0.029311987936175028,1055,FITB
0.0006300933935006001,0.03419892250582517,1055,FITB
0.0007667241301454276,0.03649518945189258,1057,FITB
0.0009053288570628129,0.0408771798322066,1054,FITB
0.0010582285000191058,0.04474545973167429,1055,FITB
0.0012278452326427887,0.04847707480848578,1055,FITB
0.00143140664805461,0.052199466802073574,1056,FITB
0.001697743149702437,0.05997534613360509,1055,FITB
0.0020613244365284633,0.06313033920597078,1055,FITB
0.0027025905434994277,0.07454119793707092,1055,FITB
0.00689651151276024,0.0940211763682702,1056,FITB
0.00025501396593387196,0.021027169366200475,899,FSLR
0.0004732218462619139,0.027848864276607665,899,FSLR
0.0006583810572918502,0.03340901507898327,898,FSLR
0.0008384892192077011,0.03854388032659157,899,FSLR
0.001031743208727463,0.045914422403679836,898,FSLR
0.001242846784417404,0.04859351971396688,899,FSLR
0.0014851753100392766,0.05168184114810452,899,FSLR
0.0017946735933640897,0.05914675128556684,898,FSLR
0.0021699138559685863,0.06607725846104003,899,FSLR
0.002690806717403662,0.07225021245100546,898,FSLR
0.0036028436494002585,0.08818118000195586,899,FSLR
0.007982167480459842,0.11120844413176939,899,FSLR
0.00023935552097858868,0.023215974440294076,529,GOOGL
0.00035121391392848813,0.028369947294437727,529,GOOGL
0.0004274445355659856,0.03211224787961356,529,GOOGL
0.0005022638954112885,0.034511377916216925,529,GOOGL
0.0005797926765219812,0.03806565528467645,529,GOOGL
0.0006661972449529839,0.04314295808204346,529,GOOGL
0.0007652209618909519,0.04709427305487,528,GOOGL
0.0008863551490041135,0.0483334659729912,529,GOOGL
0.0010538480981950986,0.05614712022546121,529,GOOGL
0.0012994431216435743,0.06318978165648466,529,GOOGL
0.0017701459830589622,0.07643453813489538,529,GOOGL
0.00441168248985347,0.09851562026478136,529,GOOGL
0.000272377718418928,0.02160247521764746,667,GPC
0.0006469679424497844,0.026946201143118374,665,GPC
0.0010186777293790664,0.035861872702530384,666,GPC
0.0013917078093778918,0.04061548697079811,665,GPC
0.0017672856372355286,0.04673272394325119,666,GPC
0.0021740215805543246,0.04409736813409694,666,GPC
0.0026588242430337214,0.051278849447409555,665,GPC
0.0032295457050215107,0.0519997670146648,666,GPC
0.003919114910853135,0.05795932871917619,666,GPC
0.004918521778285195,0.06428491188827964,665,GPC
0.006544627624922472,0.06497975592704296,666,GPC
0.012451969534671892,0.07223709287078213,666,GPC
0.0002822531758982579,0.02518390646645921,927,GS
0.0005465865406847803,0.02763438907028173,926,GS
0.0007594646876353261,0.03146828403981522,927,GS
0.0009533760747160464,0.037110452133276094,926,GS
0.0011631535065483795,0.03822623995758553,927,GS
0.0013662375212093267,0.044124655147502474,926,GS
0.001606152035730457,0.050156520797390455,926,GS
0.001907748291422934,0.05487596613651662,927,GS
0.002293201219161492,0.05873656676510855,926,GS
0.002807602280534006,0.06525359051156575,928,GS
0.0036855403632604458,0.07464863689517129,925,GS
0.007380857579319406,0.08727893155693357,927,GS
0.00030396589326359423,0.02345228970036571,690,HAL
0.0005277618519541221,0.028903072917493677,690,HAL
0.0006854103453854539,0.03270947213596795,690,HAL
0.0008332014910208467,0.03519071323180062,689,HAL
0.0009944320224836985,0.03943246643209348,690,HAL
0.0011749647906085816,0.04371448915557074,690,HAL
0.0013820673547936249,0.05239287891761329,689,HAL
0.0016217403076215773,0.05393158456835416,690,HAL
0.0019459199988936457,0.05521817097025207,690,HAL
0.002393550904337302,0.06757360820592538,689,HAL
0.0031660117500211045,0.07847054702909206,690,HAL
0.0067227202295285044,0.09895330430043892,690,HAL
0.0002917632943908448,0.021254589749580666,953,HAS
0.0005577339759332378,0.030410220427681545,953,HAS
0.0007798774790266284,0.03540794544342419,953,HAS
0.0010007497702100045,0.04001553253385265,952,HAS
0.0012167867100420073,0.04344695073101602,953,HAS
0.0014617623184772035,0.04693093593394692,953,HAS
0.0017311250693700666,0.05389596848941694,952,HAS
0.0020597962219094687,0.05808305407044853,953,HAS
0.0024692263962931863,0.06099303953602615,953,HAS
0.003019349953667655,0.07497511960179903,952,HAS
0.003948788186132045,0.0858840386132976,953,HAS
0.009991103122669112,0.10119002953274009,953,HAS
0.00030407384341429313,0.02869082890055142,538,HBAN
0.00065570760965111,0.048067156265578455,538,HBAN
0.0009408856137385546,0.06198556982755283,537,HBAN
0.0012386647694033258,0.0662178151225009,538,HBAN
0.0015458829598091984,0.06652741653782876,537,HBAN
0.0018559095532568277,0.0735966516179059,538,HBAN
0.002223628861206488,0.07646523396023522,538,HBAN
0.002690789443622742,0.08323293974094877,537,HBAN
0.003307644796796067,0.08656060124894725,538,HBAN
0.004140177217039786,0.09929233868996022,537,HBAN
0.005682065384020585,0.09938959152811104,538,HBAN
0.014910739519887875,0.1237067416857322,538,HBAN
0.00028811004799186385,0.021220463563914833,1033,HOLX
0.0005580002246449478,0.030438132019286586,1032,HOLX
0.0007892907529780459,0.0336229733524098,1032,HOLX
0.000997325574082682,0.03812307900699675,1033,HOLX
0.0012141620829457594,0.0392295877311827,1032,HOLX
0.0014527429056370917,0.04745803248056019,1032,HOLX
0.0017082672133746323,0.04960776359477262,1032,HOLX
0.0020028994115680724,0.05177589759762353,1033,HOLX
0.0023656869133321583,0.0579634394913189,1032,HOLX
0.0028874483941381144,0.0677802542686514,1032,HOLX
0.003752821305256893,0.07355694463863992,1032,HOLX
0.009563040175045749,0.09193399421405074,1033,HOLX
0.00029417288321336306,0.01910130690808495,801,HSIC
0.0006195530476459748,0.027341770433139765,801,HSIC
0.0008918967091909824,0.0316617543734526,800,HSIC
0.001151313849884413,0.036804501118812304,801,HSIC
0.0014164150991418554,0.04006238625021427,800,HSIC
0.0017085741362139004,0.043584818881606625,801,HSIC
0.0020241513090763366,0.048012835959266864,802,HSIC
0.0024137915570776065,0.05293752250572343,799,HSIC
0.002911560698763779,0.05495423993149783,801,HSIC
0.003611288413809868,0.06636319975108425,800,HSIC
0.004832141100919428,0.0741849618759615,801,HSIC
0.01092794344695083,0.091373866411415,801,HSIC
0.0002480308381650048,0.01915224427639655,441,HUBB
0.0006025451181384964,0.029687765829424843,440,HUBB
0.0009539158280097419,0.036245729963291784,440,HUBB
0.0013976181877670489,0.037578795561115076,440,HUBB
0.0018618294780836978,0.04131012740839687,440,HUBB
0.002395274119056934,0.0434579545110671,440,HUBB
0.0030175022527782454,0.04663409602294353,440,HUBB
0.003735072269135474,0.052200991245054985,441,HUBB
0.0046676010694758205,0.05947629933791939,439,HUBB
0.005868904171053631,0.05889212363469835,440,HUBB
0.007866447225172591,0.06767871978502224,440,HUBB
0.01616901859429542,0.07560575827599932,441,HUBB
0.00029221012320459827,0.028591231692962144,1043,HWM
0.0005793371900603431,0.031446481258479,1043,HWM
0.0008102165942457085,0.03729689010792773,1043,HWM
0.0010353642683014494,0.04158225025106085,1043,HWM
0.0012626518209736656,0.04257294338658869,1043,HWM
0.0015219302159218435,0.04582761160435495,1043,HWM
0.0018050013206497764,0.050152663906097204,1043,HWM
0.0021280495880765227,0.05396693315577585,1043,HWM
0.002544079631963933,0.057550248226160394,1043,HWM
0.0031308364471198495,0.06358863258613609,1043,HWM
0.00411427314821842,0.07294379599524216,1043,HWM
0.008163275969307313,0.08611658403780276,1043,HWM
0.00026112727857044237,0.026123545120056463,854,INTC
0.0004299218201845958,0.0353891621240984,854,INTC
0.000559108061581674,0.043982520144173184,854,INTC
0.000680237403100498,0.046961222556208,854,INTC
0.000808601769034568,0.05054133644199578,854,INTC
0.0009479662716790233,0.055455120195921644,854,INTC
0.0011161039285670121,0.058828238990126264,854,INTC
0.0013136766097391838,0.06695498385701115,854,INTC
0.0015561570359953968,0.07122036368935658,854,INTC
0.0019233951060240002,0.08256000283046018,854,INTC
0.002582326478514436,0.09761789897530485,854,INTC
0.006662057906882299,0.12757634221376213,854,INTC
0.000275482648313057,0.015679706350845698,377,IT
0.0006603820231549035,0.025275745627004537,377,IT
0.001071752496345483,0.03123215737761665,377,IT
0.0015420010400938437,0.032359345313925994,377,IT
0.0020874773192840986,0.03742600524801716,376,IT
0.00266451620795687,0.04607364359883026,377,IT
0.003341435012904055,0.04465197610145695,377,IT
0.004199762841567669,0.044390519306776954,377,IT
0.005265159639655941,0.05047669797233122,376,IT
0.006846015791992602,0.05813596498638692,377,IT
0.009224893203826075,0.06418793158818625,377,IT
0.017397331309426754,0.07709979250341432,377,IT
0.00026129982461805363,0.02540523574896215,699,ITW
0.0006172540442747274,0.032506557644578174,699,ITW
0.0010077980302623636,0.03937955316973419,699,ITW
0.0013769517669603674,0.040320536285221795,699,ITW
0.0017476120465021536,0.04612296110936712,698,ITW
0.0021552845392586316,0.04534756964027701,699,ITW
0.0026193834053094543,0.05009731524046412,699,ITW
0.0031908371797597177,0.05318292933313249,700,ITW
0.003889241511824843,0.06181341579020592,697,ITW
0.004839186742240906,0.06301090571625624,699,ITW
0.006428454702157431,0.06393001013735893,699,ITW
0.012029937583565808,0.07277283082815737,699,ITW
0.0002727353721502266,0.0234474946435418,616,JBHT
0.0006334753609036685,0.03440310555399018,616,JBHT
0.0009557916228755262,0.03948128071877857,616,JBHT
0.0012785917068772147,0.042227299435850685,615,JBHT
0.0016334062008324613,0.04729717290214592,616,JBHT
0.0020131659048049483,0.051345936250243904,616,JBHT
0.0024407042173350945,0.055913927535723676,615,JBHT
0.002953272608100798,0.055471502411860926,616,JBHT
0.003611346210720333,0.06357352568384447,616,JBHT
0.004556748270232691,0.06514468057276666,615,JBHT
0.006208425957026013,0.07510066228155513,616,JBHT
0.01442684156963277,0.07939011204877809,616,JBHT
0.000293729176784581,0.025307295798246584,874,KHC
0.0005185031091916223,0.037390136844845226,874,KHC
0.0006961148526699363,0.04451948650300371,873,KHC
0.0008647665832210134,0.050795937476634676,874,KHC
0.001037536675179438,0.05470483253080825,873,KHC
0.0012242147803760964,0.06262647218589851,874,KHC
0.001431507590334562,0.06500886504815101,874,KHC
0.001699398284231656,0.06946959946858824,873,KHC
0.002035683827792067,0.07502717915314765,874,KHC
0.0025075977946448914,0.08529548920165844,873,KHC
0.003359160664425974,0.09448277028151915,874,KHC
0.009162195332415371,0.11489056053025426,874,KHC
0.0002474678498288785,0.02414422191395689,675,LIN
0.000533401005604237,0.03456676712005118,675,LIN
0.0007766320727294152,0.038290714899565446,674,LIN
0.001014110732548747,0.04490280986621226,675,LIN
0.0012495126701517847,0.04951444030990057,674,LIN
0.0014922939332981,0.05264529149673197,675,LIN
0.001771687664856776,0.054741636548432566,674,LIN
0.002080665974938716,0.05835952949765279,675,LIN
0.002489717115687108,0.06672164294061285,674,LIN
0.0030593771594127892,0.07202818108058359,674,LIN
0.003990264117543671,0.07826323934433489,675,LIN
0.008206740846349175,0.09683617612585085,675,LIN
0.00031431817515911384,0.027930082360393287,976,MAS
0.0006508737477907513,0.03163805343792142,976,MAS
0.0009071806172024658,0.03476805918628692,975,MAS
0.001153300771829212,0.039538712370484945,976,MAS
0.0014051370155799586,0.0415754807623698,975,MAS
0.0016831859585209193,0.043979335202726656,976,MAS
0.0019910478704822654,0.046729113303136866,975,MAS
0.0023656701631414746,0.05116859996348705,976,MAS
0.0028406548510435644,0.05492976666033015,975,MAS
0.0034726566278584664,0.0592355672478351,976,MAS
0.0045826548178961625,0.06566541490287307,975,MAS
0.009027226456634802,0.08102656584329995,976,MAS
0.0002201350976107231,0.01353656102503591,433,MKTX
0.000510681088498894,0.026003500589686188,430,MKTX
0.0008712050806086635,0.02667663875313815,431,MKTX
0.0012939112161238428,0.037537800245342166,431,MKTX
0.001739115664157992,0.04387185277030645,431,MKTX
0.002232286877728764,0.05024087228034556,432,MKTX
0.002858441451579916,0.05655942254523264,431,MKTX
0.003623728949576076,0.06150768163593035,431,MKTX
0.004538550512448529,0.06574014573172908,431,MKTX
0.0057630884785910596,0.07404004143849419,431,MKTX
0.00785812031875636,0.07976448843901213,431,MKTX
0.017207069397244715,0.08281266859436306,432,MKTX
0.0002948323950638079,0.02474504641594004,948,MMC
0.0006036896722838574,0.032748377491499794,949,MMC
0.0008725228231265802,0.036253962248588775,946,MMC
0.0011316688251988007,0.0438856728966307,948,MMC
0.0013918257774049396,0.04394063254392396,947,MMC
0.0016678031144881887,0.048257378286734605,948,MMC
0.0019706804605246603,0.0497158343339905,947,MMC
0.0023364578344305673,0.053693258765871305,948,MMC
0.0027956092622638605,0.05828297941366607,947,MMC
0.0034138786806074033,0.06435416258228907,948,MMC
0.004422067100779755,0.07275420741292533,947,MMC
0.00905406864217132,0.07796973175559109,948,MMC
0.00019834931583027093,0.021661616038025164,595,MPWR
0.0003827546764108833,0.030226035387619574,594,MPWR
0.0005795773845087689,0.03253136793421049,594,MPWR
0.0008192529154940558,0.041131126789126116,595,MPWR
0.0011048912372740739,0.042626106370479096,594,MPWR
0.0013911007679351956,0.04492447019708377,594,MPWR
0.0017327123714056905,0.05202283732443758,594,MPWR
0.00215346732644649,0.05756955552061593,595,MPWR
0.002674268252895188,0.05952397493820079,594,MPWR
0.0033970538829554394,0.0666447352160899,595,MPWR
0.004713828694811428,0.06686829566119154,593,MPWR
0.01181896308171902,0.07552068681292247,595,MPWR
0.0002932929703025049,0.020267946332332424,1097,MS
0.0005052274996865462,0.026604654375091845,1097,MS
0.0006596573845290151,0.030060606647377457,1097,MS
0.0008063909649724277,0.03472082474514484,1097,MS
0.0009554596338926086,0.03928964204810685,1097,MS
0.0011139102222479087,0.04185556560706605,1097,MS
0.0012957740214252253,0.044550467621405326,1096,MS
0.001516644240879605,0.048855458127217324,1097,MS
0.001785195307457468,0.05359053020668136,1097,MS
0.002174774288824763,0.060496449471655576,1097,MS
0.0028277906490075857,0.07023323076702498,1097,MS
0.005630128542554008,0.09020212345802253,1097,MS
0.0002187237913202857,0.02700126313090014,594,MSFT
0.0003316731891215617,0.03207305269071144,593,MSFT
0.0004126298112007934,0.03539803618789114,593,MSFT
0.0004931667405334108,0.036925704811459695,593,MSFT
0.0005803584522075601,0.039304564766533864,593,MSFT
0.0006750841464845342,0.04459156931401562,593,MSFT
0.000785434223723299,0.050377478317766344,593,MSFT
0.0009209076720153708,0.05280287290617647,593,MSFT
0.001121273462267235,0.06099214813934217,593,MSFT
0.0014034077719633602,0.06980912131721839,592,MSFT
0.0019341223918787369,0.08106371579196366,594,MSFT
0.005363043535611543,0.09773711285574348,593,MSFT
0.0002458294919109175,0.024760412380382985,679,MTB
0.0005794843868081579,0.03404514060998009,678,MTB
0.0009696737521893891,0.03951218321315291,678,MTB
0.0013426136074748416,0.04324407064516171,680,MTB
0.001724557936957988,0.043879961602618894,677,MTB
0.0021559516492784987,0.04988080835688038,678,MTB
0.002635588972144899,0.053278017106313365,678,MTB
0.0032136981897099444,0.05264509771059941,679,MTB
0.003977459539756249,0.06380554502746291,678,MTB
0.005062781837070193,0.0655962945895048,678,MTB
0.006905076321338202,0.06818631371648783,678,MTB
0.01468214890041852,0.07986359081054717,679,MTB
0.00024185756411150404,0.018717401479705752,299,MTD
0.0004947824701285131,0.02185864073419078,297,MTD
0.0007472214975613146,0.022569007243350828,296,MTD
0.0010708285026724044,0.03223068021402815,298,MTD
0.001455352130248662,0.04048556697555756,297,MTD
0.001999176420160952,0.03948341002800055,297,MTD
0.0026761833601609626,0.03762076035252425,297,MTD
0.003654507720946819,0.04573241943791712,298,MTD
0.005261605379446982,0.052004718683933644,297,MTD
0.0074520859269354214,0.058246686319765116,297,MTD
0.010783699632228768,0.06344957477895598,297,MTD
0.021735898182939705,0.06503146842338613,298,MTD
0.0002749302618300172,0.018627499371855018,1139,NDAQ
0.000499073579571904,0.02925264358125351,1138,NDAQ
0.0006783298050293584,0.03355682195116541,1138,NDAQ
0.0008569930626923971,0.03921493527043328,1138,NDAQ
0.0010350480282525925,0.04410963340806262,1139,NDAQ
0.0012302881489175406,0.04733779214868898,1138,NDAQ
0.0014542855912083807,0.051102926101194615,1138,NDAQ
0.0017084152573452515,0.05691891642963788,1138,NDAQ
0.0020455822585054946,0.06406926507042077,1138,NDAQ
0.002495047707515021,0.07449550204432726,1138,NDAQ
0.003312153192759949,0.08298498195799975,1138,NDAQ
0.008142889400342216,0.10797921673971196,1139,NDAQ
0.00029572843677447107,0.018907522900830247,1037,NEM
0.0004928133858141897,0.026176567290713722,1036,NEM
0.0006447871867314511,0.031919621492772304,1036,NEM
0.0007924650624925806,0.03279996630277793,1037,NEM
0.0009424304018810302,0.036558133407309595,1036,NEM
0.001104622757446226,0.038631518383616656,1036,NEM
0.0012899182829409896,0.043045351246870776,1036,NEM
0.0015166188332175893,0.04756711739888117,1037,NEM
0.001813671980520864,0.052596264976308996,1036,NEM
0.0022330112990981447,0.05895869192101792,1036,NEM
0.002961315554183488,0.0686491096005313,1036,NEM
0.005741484824284633,0.08507906784741281,1037,NEM
0.0002208964772638163,0.024036149977123732,705,NOW
0.00048326223224170724,0.03431874845853569,703,NOW
0.0007636299215293795,0.03638775977522007,704,NOW
0.0010423415335845264,0.043565743491625626,704,NOW
0.0013150495522917282,0.05016072481690768,704,NOW
0.0016239821079815045,0.055699879029197555,704,NOW
0.0019832364538338618,0.060099822919677456,703,NOW
0.0023790539511943736,0.061603984987583175,704,NOW
0.002898406655693514,0.06222691121215829,704,NOW
0.0035814866611003043,0.07015558950587007,704,NOW
0.004700044954744751,0.07401120760188754,704,NOW
0.008811000892078787,0.08381519953564277,704,NOW
0.00028200775834234186,0.023885956143155043,748,NUE
0.000636017754273773,0.032195648120201606,745,NUE
0.0009449013170121711,0.0380812815488638,747,NUE
0.0012364822233904185,0.03982897353781485,747,NUE
0.0015428207473147217,0.04313049018589568,745,NUE
0.0018736701996297915,0.04848536467826936,747,NUE
0.002256250374380502,0.05262100661394588,746,NUE
0.002699489287964252,0.05311415363605632,746,NUE
0.0033045285006465122,0.061643922960826186,747,NUE
0.004085482506572609,0.0645333635731902,746,NUE
0.005469890902976404,0.07079131457268587,746,NUE
0.011363648016384172,0.0752441590743571,747,NUE
0.0008491455739325559,0.011921290788675798,145,NVR
0.0012742276512628296,0.02491032377499297,145,NVR
0.0017284911007409334,0.026519975757879927,144,NVR
0.002152884008588402,0.03060518994892651,145,NVR
0.0026902848701710743,0.03610251185624937,144,NVR
0.0033624777972625646,0.04230068015694089,147,NVR
0.004356437298842347,0.04635312446041905,143,NVR
0.0054746578287417505,0.04666952293497247,144,NVR
0.006974667009662123,0.05335111415623079,145,NVR
0.009275074626693311,0.05448818955770194,144,NVR
0.01329284960091512,0.051930788955797245,145,NVR
0.02797376721243839,0.049606034578864415,145,NVR
0.0003147458360062411,0.025473071895943496,541,OKE
0.0006130312521340478,0.028105986770953897,540,OKE
0.0008398473034446115,0.03258537220278119,540,OKE
0.0010641993489588872,0.03493145579107038,540,OKE
0.0012835242445954028,0.04066296516289153,540,OKE
0.0015175774794733059,0.03737229039365522,541,OKE
0.001795015436487435,0.04691791258287769,540,OKE
0.0021295109172061767,0.04470357272980281,540,OKE
0.0025324409146976973,0.04872858297340651,540,OKE
0.003055270587828844,0.05750157686407428,540,OKE
0.0039305025586620955,0.06314690637516071,540,OKE
0.007768010784641606,0.09375264980673835,541,OKE
0.0002715908849379941,0.02534701644920947,1146,OTIS
0.0005682139807958953,0.026924101002423838,1146,OTIS
0.0007971335153513338,0.0318734136633307,1146,OTIS
0.0010306600551846443,0.033875131648345484,1146,OTIS
0.001254607348726683,0.03856056678927188,1145,OTIS
0.0015029459267967154,0.042750229479174326,1146,OTIS
0.0017859688563162737,0.045786447330453374,1146,OTIS
0.0021193798764661633,0.049281237743832015,1146,OTIS
0.0025437377076549497,0.05443230236260314,1145,OTIS
0.0031473309705444407,0.05815807991843112,1146,OTIS
0.004128263387750279,0.06551579349950264,1146,OTIS
0.007933405109771467,0.08321441529385046,1146,OTIS
0.00025840657378581387,0.023302045872733403,958,PANW
0.00045582313057878146,0.03074409982987587,958,PANW
0.0006135976380458615,0.03845801477212857,958,PANW
0.000763556681654021,0.04390912517433463,958,PANW
0.0009253418080940212,0.04689309733709375,957,PANW
0.0011061068997210465,0.05184458640464222,958,PANW
0.0013077241474133668,0.05494512793574793,958,PANW
0.001547701141898865,0.06407231929778726,958,PANW
0.0018639838076398383,0.07094199897766951,957,PANW
0.0023046300015182038,0.0811648818834576,958,PANW
0.003068260780872789,0.09234159770433205,958,PANW
0.0066804032300743325,0.11587907348068646,958,PANW
0.00028943686545701786,0.026618516908858685,543,PAYC
0.0007186150500925049,0.03113626887445499,543,PAYC
0.0011385926325351175,0.03821195238873277,543,PAYC
0.0015330637513090778,0.04060291187792446,543,PAYC
0.0019502614919563366,0.048830744235332055,542,PAYC
0.0024152534955803233,0.05140020718189034,543,PAYC
0.0029279473612820223,0.055979822863569444,543,PAYC
0.003534507475739221,0.055913090755345944,543,PAYC
0.004301884911938769,0.058662193165247296,542,PAYC
0.005319460242700026,0.06418884697684189,543,PAYC
0.007055369033211493,0.072133891878,543,PAYC
0.013371186714487972,0.0808127695093481,543,PAYC
0.00025506507487331486,0.0249761175799999,991,PAYX
0.0004879660742744998,0.03009501230152051,990,PAYX
0.0006844198405356847,0.03604533862693153,989,PAYX
0.0008738053373381026,0.03910215179714387,990,PAYX
0.0010745281636899025,0.046918836886313625,990,PAYX
0.0012897687329362093,0.049182105685959494,990,PAYX
0.0015293691373513521,0.05186308501012107,990,PAYX
0.001815008478268491,0.058709402771627,990,PAYX
0.0021830260084720826,0.06225219991315159,990,PAYX
0.0026884307274934183,0.06924238208274137,990,PAYX
0.0035247935711351804,0.0750277407472892,990,PAYX
0.007582782977793617,0.09260495649672806,990,PAYX
0.00021803277180098253,0.022321971532987234,400,POOL
0.0004857044575792525,0.025842593654179055,400,POOL
0.0008169309327742055,0.029585321047417023,399,POOL
0.0012025701649915573,0.035796643521739384,400,POOL
0.0016614497195915961,0.03834662576102104,399,POOL
0.0021886032040601315,0.04703474829145393,400,POOL
0.002799800701087146,0.05373500997545381,399,POOL
0.0035110107890260287,0.0637131190870325,400,POOL
0.004447776140769762,0.06476950874169754,399,POOL
0.005698274971973474,0.07258316074490666,399,POOL
0.007907996528984976,0.06964718951740441,400,POOL
0.018072034071473623,0.08372347751531929,400,POOL
0.000349815563475052,0.031056830063557517,709,PPL
0.000658012461280659,0.03953628400526947,708,PPL
0.0009004888622673101,0.04235360081014842,708,PPL
0.0011568665848099937,0.048265504260874066,708,PPL
0.0014110945426237332,0.05445225292427445,707,PPL
0.00168725665652746,0.05559865349861694,709,PPL
0.002009998277224085,0.06025586680234177,708,PPL
0.0023939416264744996,0.05908074814879102,708,PPL
0.0029086909803410395,0.06359064137047815,708,PPL
0.0036967769638155783,0.07132105231133497,707,PPL
0.005073753153088287,0.07900821103580015,709,PPL
0.011012746597744419,0.09614377706596783,708,PPL
0.0002795569927970237,0.023558027813940334,966,REG
0.0005795569428083146,0.02818456029391721,965,REG
0.0008198555037272,0.031745290459081386,965,REG
0.0010449317392143339,0.03694739389603642,965,REG
0.0012866777212656136,0.042188610323615955,965,REG
0.0015530123074016778,0.045391782012176245,966,REG
0.0018554698710682186,0.04956078160630921,965,REG
0.002212509783029612,0.05269094107941727,965,REG
0.0026520149434528352,0.057680424987305405,965,REG
0.0032600077489319894,0.06431921004810479,965,REG
0.0043137509336503,0.07018878359700828,965,REG
0.011112635645446374,0.08507571371087871,966,REG
0.000349172605147174,0.03381925962416041,716,RF
0.0006363993249674768,0.04143106072887737,715,RF
0.0008535655338934784,0.04675964415974387,716,RF
0.001071274156918595,0.052491477246062894,715,RF
0.0013003831810473653,0.0539250507684808,715,RF
0.0015649917994770674,0.05246854401542001,716,RF
0.0018774919181050035,0.06258984475021154,715,RF
0.0022645457712369686,0.05938200726585421,715,RF
0.0027616268650391333,0.0699021703623527,716,RF
0.0034760941965107698,0.07318939881906077,715,RF
0.004742960894245493,0.07361915292156754,715,RF
0.01073222426803947,0.09755555051734148,716,RF
0.0002897940557526035,0.02194398144124636,570,RL
0.0007001004441216588,0.029093702324405574,569,RL
0.0010929520355688485,0.03694999239172974,569,RL
0.001490407124510056,0.04108486943530148,569,RL
0.0019317808019523877,0.04422540182460291,569,RL
0.002434532483462903,0.051609277421571974,569,RL
0.0029820662085709567,0.052294514001422446,569,RL
0.0036294495898775156,0.056835926217524986,569,RL
0.004462966225601585,0.06186222500533648,569,RL
0.005538876108125248,0.0713419170886844,569,RL
0.007371425821479224,0.07917232444896825,569,RL
0.014499408737994126,0.08131445587970502,570,RL
0.00028758947164810885,0.025150228330404624,1085,ROST
0.0005271447880620251,0.034271273921876864,1084,ROST
0.0007250686403509858,0.039881268966455045,1084,ROST
0.0009055461663537739,0.043393275466653246,1084,ROST
0.0010908537468948658,0.0443099425879487,1084,ROST
0.0012832576716054187,0.05076124482327594,1084,ROST
0.00150134797147987,0.05552088742260573,1084,ROST
0.0017542743244788384,0.06092399426344589,1084,ROST
0.0020690146377722596,0.06407409681248274,1084,ROST
0.0024867392186502094,0.07499313428088525,1083,ROST
0.0031218933179144397,0.08404214140735515,1085,ROST
0.006032386409884331,0.09980826898648035,1084,ROST
0.00025590328231569543,0.02472288621027502,745,RSG
0.0005700573926306927,0.03230738583580851,744,RSG
0.0008901867954559993,0.03573837641824174,744,RSG
0.001205493315682716,0.039021135095882405,744,RSG
0.0015251131145946485,0.04296510555032216,744,RSG
0.0018897739096304684,0.04619583834251362,745,RSG
0.0023092926893007407,0.04732198272376318,744,RSG
0.002822038455683123,0.05277031224713829,744,RSG
0.0034577597752389576,0.05535766288441644,744,RSG
0.004385268588980142,0.061322438491544166,744,RSG
0.005988947065173951,0.06924495571891812,744,RSG
0.013018601939488679,0.06954095304317,745,RSG
0.0002539259428474018,0.021029034597165867,1036,SBUX
0.00041374329956201116,0.02723117408775439,1036,SBUX
0.0005309413458646181,0.032170326938994305,1036,SBUX
0.0006428431047276003,0.03633779958446002,1036,SBUX
0.0007610334275174421,0.04126997079082933,1036,SBUX
0.0008842994653934697,0.047107068323991245,1036,SBUX
0.0010182341868204459,0.05347391205307665,1036,SBUX
0.0011868313524777201,0.0562064506151206,1036,SBUX
0.0014019593085411392,0.06587608038580658,1036,SBUX
0.0017189897591715862,0.07463685549126006,1036,SBUX
0.002291486692635169,0.08909158986996739,1036,SBUX
0.005589689608954266,0.12468841623309466,1036,SBUX
0.00022917187528146432,0.024909570941202667,692,SNPS
0.0005011168437639687,0.032528874677874145,692,SNPS
0.0007567888939735831,0.03986133359139061,691,SNPS
0.0010103792238659688,0.047916971997116226,692,SNPS
0.0012702729430853939,0.048296296353935855,692,SNPS
0.0015265472805687662,0.0509931263980814,691,SNPS
0.0018301565863480542,0.055345650947739106,691,SNPS
0.002207400556043348,0.062658823694628,692,SNPS
0.0026874758336828076,0.06761338783392995,691,SNPS
0.003339093532352748,0.07596214791139161,691,SNPS
0.004428661012905443,0.07526105357865535,692,SNPS
0.00916280660640019,0.08825729997261327,692,SNPS
0.00028040396120431854,0.024815681131926556,1213,SO
0.0005142352594663564,0.026651134334602766,1212,SO
0.0006960684980346757,0.03096067863995067,1213,SO
0.000872166702470588,0.03493076829123033,1212,SO
0.0010645593663643886,0.03927630748837159,1212,SO
0.0012725346535587202,0.04077556982655301,1213,SO
0.0014914187875229503,0.04489133040003075,1212,SO
0.0017728770759755093,0.051170790943361806,1212,SO
0.002133929193616676,0.05533204449978588,1213,SO
0.0026150852695574238,0.06119446190364647,1212,SO
0.0034398642092253726,0.06878778146896765,1212,SO
0.007228568327136922,0.08836316133615715,1213,SO
0.00028351576621163166,0.03051340414502289,1175,SRE
0.0005553559152765454,0.03209592789383261,1175,SRE
0.0007830830029830024,0.040095689270338866,1176,SRE
0.001000675562069358,0.039600526736937335,1174,SRE
0.0012406489648509216,0.043886596534111436,1175,SRE
0.0014841365418725564,0.04516274379675231,1175,SRE
0.0017444689659636015,0.05222932667957388,1174,SRE
0.00205608009090437,0.05246883556568548,1175,SRE
0.0024739399974891304,0.059534609638774834,1175,SRE
0.003021824619078293,0.06042831592331837,1175,SRE
0.003972378236281896,0.06597259553316749,1175,SRE
0.008547943583729203,0.07447283419703409,1175,SRE
0.00028657977723569163,0.02354719724044225,668,STZ
0.0006733554322110963,0.02589672717862597,668,STZ
0.0010303046896727136,0.03300328804591413,668,STZ
0.0013743522456358636,0.034717797787192084,668,STZ
0.0017292525772888733,0.042969587523585005,668,STZ
0.0021312353768300615,0.04345139666101452,668,STZ
0.00258999604751692,0.05185526295847571,667,STZ
0.003158963268012216,0.053846239482723254,668,STZ
0.003869971863427237,0.06067140436007064,668,STZ
0.004831205245048049,0.06292903568079335,668,STZ
0.006366247246399678,0.06809621904697079,668,STZ
0.012417464773289609,0.07355460978486096,668,STZ
0.0003118591117149936,0.022348698617881007,1061,SYF
0.0005474558627089906,0.029976328924478914,1060,SYF
0.0007277652228621006,0.032192312949353735,1061,SYF
0.0009015842554053103,0.03582656939609736,1060,SYF
0.001089743075659674,0.039042583229297746,1060,SYF
0.001294475549168092,0.042015720621104195,1061,SYF
0.0015304296637876648,0.043380035642983865,1060,SYF
0.001795389289225359,0.05143040943621462,1060,SYF
0.002134142139469363,0.05284206286340806,1061,SYF
0.0026066468026325527,0.0591172808837932,1060,SYF
0.0034074010405996296,0.07083796927081114,1060,SYF
0.006627133479562888,0.08970861778592379,1061,SYF
0.0003072353864753041,0.028350833627853754,1043,SYY
0.0005907081422951185,0.030342004842595444,1043,SYY
0.0008111137690332452,0.036888685373399295,1042,SYY
0.0010226730830314088,0.03968786555956557,1043,SYY
0.00124659807258692,0.04231101663861546,1042,SYY
0.0014846292770177522,0.04549419826413073,1043,SYY
0.00174667656273137,0.04892365798152819,1043,SYY
0.0020620926354555946,0.05236863916227621,1042,SYY
0.0024608367707625325,0.05815370120839925,1043,SYY
0.0030035629515846457,0.06213466430998973,1042,SYY
0.003935409551393653,0.06913722902058018,1043,SYY
0.00785946537855875,0.08800130332665593,1043,SYY
0.00024593323531993893,0.026445725517182297,986,TER
0.0004557343756312422,0.033024596845665104,985,TER
0.0006241120495566807,0.04023080974189628,986,TER
0.0007913745175485844,0.04331739934260004,985,TER
0.0009711224962965013,0.046268766694617734,985,TER
0.0011539113679123148,0.04995617778512366,986,TER
0.0013619031519754795,0.05455950679295024,985,TER
0.0016083603427253686,0.06020234098230379,985,TER
0.0019389422677079228,0.06540102134528564,986,TER
0.002398315215387561,0.06926951830616204,985,TER
0.0031802347758444942,0.0776843198895925,985,TER
0.0072384651069230645,0.09458351972262433,986,TER
0.00026566075199493483,0.025094170063931217,904,TROW
0.0005413142746137438,0.030303266368317545,904,TROW
0.0007666846149659324,0.035261219580752706,904,TROW
0.000991808232517142,0.04125033622476357,904,TROW
0.0012178770602323504,0.043556401745705034,903,TROW
0.0014653434022704466,0.0482727023974328,904,TROW
0.0017597518335125794,0.05048036174766986,904,TROW
0.0021034683600039115,0.05503745662014899,904,TROW
0.0025352109184864323,0.059998905657142276,903,TROW
0.0031543971814548557,0.06949898478298352,904,TROW
0.004206276790020627,0.08208718998190213,904,TROW
0.009356994687671661,0.09224822585146829,904,TROW
0.0002733065352436487,0.022752807099316586,857,TTWO
0.0005344115119693751,0.031850296341755034,856,TTWO
0.0007657338041979752,0.040746298404200146,856,TTWO
0.0009852185474492183,0.04336548401017001,857,TTWO
0.0012087956920941406,0.04654504915146747,856,TTWO
0.0014492357388474404,0.05301651589903493,856,TTWO
0.0017250310563510756,0.054003164615890414,856,TTWO
0.002060386872974395,0.059264685871315274,857,TTWO
0.0024969946080180138,0.06792020624168468,856,TTWO
0.0030752259417558495,0.07207583225904067,856,TTWO
0.004052681087451985,0.08069977012504922,856,TTWO
0.008608994230065815,0.09586909538391196,857,TTWO
0.00023242614039303356,0.018206030308732954,1034,UAL
0.0003831370057905886,0.026549873918505027,1033,UAL
0.0005034301556898009,0.03337787456925233,1034,UAL
0.0006271017450033065,0.036106942308042955,1033,UAL
0.0007500914607653407,0.04123787981905851,1034,UAL
0.0008885202452313717,0.04401300468008802,1033,UAL
0.00105230739441852,0.05049266502417259,1033,UAL
0.0012513485466981843,0.05355955668336087,1034,UAL
0.0015137638648829675,0.06051786585517136,1033,UAL
0.0019091654170477288,0.07112886969339287,1034,UAL
0.002645838090325861,0.08345984004529222,1033,UAL
0.0079623514340016,0.11794578807022499,1034,UAL
0.00029514276957639336,0.019635963068961388,842,UBER
0.0004627783180174112,0.029156684000391297,841,UBER
0.0005842708807561482,0.029749277769209163,842,UBER
0.0007076844835340638,0.03403823595865974,841,UBER
0.0008225979495456838,0.038489349147031934,842,UBER
0.0009613806115495583,0.03959577340153706,841,UBER
0.0011164973677778908,0.04630689960482808,841,UBER
0.001295259931292957,0.04661109327695227,842,UBER
0.0015290230605491703,0.05296308649593517,841,UBER
0.0018687654778548292,0.06145438537634336,842,UBER
0.0024521281419626847,0.07354648094686168,841,UBER
0.004923881352081389,0.10128939107789676,842,UBER
0.00028509961766529763,0.024469871325287745,504,UHS
0.0006985469780520769,0.02946932648502826,503,UHS
0.00111798178920396,0.035293833795979196,503,UHS
0.001546321552182048,0.03809975712259064,504,UHS
0.002026952524487023,0.04029835981456003,503,UHS
0.0025051687410472603,0.047078249652753514,503,UHS
0.0030697513698768023,0.053346218582223257,503,UHS
0.003725320787730991,0.047950510447215676,504,UHS
0.004599142609422765,0.055624361676303864,503,UHS
0.005801167330080731,0.060679942236989144,503,UHS
0.007870286814747723,0.06754369175023113,503,UHS
0.014710392767114397,0.07057749761717678,504,UHS
0.000310244994642742,0.02461065452049903,1114,UPS
0.0005592422618480575,0.03051896782656651,1113,UPS
0.0007471164519899373,0.03435493491541763,1113,UPS
0.0009233738042502038,0.03611041711240356,1113,UPS
0.0011052820485619608,0.043363605931190846,1113,UPS
0.0012944184742300073,0.04609676328582931,1113,UPS
0.0015131886085773317,0.0496356794540527,1113,UPS
0.001774730337942143,0.05369357564636816,1113,UPS
0.0020962306347062564,0.058799263363668655,1114,UPS
0.002552052077491699,0.06500321107255307,1111,UPS
0.003316357519687113,0.07272702514855148,1114,UPS
0.006550623354009875,0.09076366421144287,1113,UPS
0.00027475796717610135,0.02277533933682087,581,VMC
0.0006747596555616751,0.028257633687601636,580,VMC
0.001060661671252784,0.03738241929971507,580,VMC
0.0014851537740582339,0.04284266741003693,580,VMC
0.0019201148365439284,0.04159011938315529,580,VMC
0.0024029010983344094,0.04979358096711808,580,VMC
0.002908924805979876,0.056601382444838824,580,VMC
0.0035319316103762264,0.06021597379647016,580,VMC
0.004329182301906889,0.05962770970438202,580,VMC
0.0054917218396948325,0.06697610129970734,580,VMC
0.007340067526053901,0.07422694713028329,580,VMC
0.014225640333018808,0.07486718839789207,581,VMC
0.0002724020945129981,0.017873445548761933,625,VRSN
0.0006429756118133874,0.026047234968342207,624,VRSN
0.001021120761415367,0.03383032291805234,624,VRSN
0.0013936165796323802,0.03855653656374449,624,VRSN
0.0018091208006597987,0.04303096322450178,624,VRSN
0.002248188512097566,0.04678492158331612,624,VRSN
0.0027640413584441178,0.05075927578458366,624,VRSN
0.0033564717168685075,0.05648782824618385,624,VRSN
0.004146302461250431,0.06012727362132311,624,VRSN
0.005216400318973437,0.06797046322710967,624,VRSN
0.006963603778426008,0.07926220221878798,624,VRSN
0.014182742500893547,0.09049273878810084,625,VRSN
0.00027175926445685637,0.023165030197355208,1017,VST
0.00047370977198735875,0.02930643046962059,1016,VST
0.0006272502852564487,0.03569161423222493,1017,VST
0.0007789619047007741,0.03988250305128487,1016,VST
0.0009347225613633121,0.03956218427986301,1017,VST
0.0011035290340381569,0.045652396251265756,1016,VST
0.0012950829175424456,0.049190609641330436,1016,VST
0.0015256174666043476,0.0566079602460922,1017,VST
0.0018189541114751956,0.05658867793565552,1016,VST
0.0022553599156349214,0.06512635955974753,1017,VST
0.0030015205043967957,0.07386249832290565,1016,VST
0.006988805013665808,0.08541958094787772,1017,VST
0.0002284698980451484,0.016559630444227823,465,VTRS
0.0005151587278138933,0.0331954625792935,463,VTRS
0.0008376000320154509,0.05162441899643304,464,VTRS
0.001157735811030372,0.0593014600158461,464,VTRS
0.0014838760678301563,0.060873883614667994,464,VTRS
0.0018805994691939332,0.07610877908057952,464,VTRS
0.0023335193621333134,0.07069003448476789,463,VTRS
0.002879761518886445,0.0797231240546782,464,VTRS
0.003609654878340273,0.08317370458574379,464,VTRS
0.004748987944875334,0.09099476906783481,464,VTRS
0.006898975243362694,0.10947385566574706,464,VTRS
0.02117068366515779,0.1259613398540867,464,VTRS
0.0002632749427405152,0.02639370810158358,724,WAB
0.0006212144726633825,0.033746150665374716,723,WAB
0.0009527826511133839,0.03465964644580821,723,WAB
0.0012994839233376472,0.04135409458456837,723,WAB
0.0016482202350003702,0.046398193088279284,723,WAB
0.0020311565116994173,0.049630004190141463,723,WAB
0.002459507663180281,0.05318142137497778,723,WAB
0.0029689177143524055,0.058725391796499576,723,WAB
0.0036316393890552657,0.06143702873608101,723,WAB
0.004536922293619409,0.06522018302233541,723,WAB
0.0060371139518388415,0.07064017157341652,723,WAB
0.012223160362431972,0.07597126175457868,724,WAB
0.00028138315881304915,0.025412154646764447,1067,WYNN
0.0005081260189830564,0.03020037577671961,1066,WYNN
0.0006914183904248841,0.03386159386414467,1067,WYNN
0.0008633933805589544,0.037753328151296325,1066,WYNN
0.0010478672797410375,0.042955747512463616,1068,WYNN
0.0012603749878882416,0.04530217982885421,1065,WYNN
0.00149300956517035,0.05278416884829517,1066,WYNN
0.0017719566403774651,0.056549314335155476,1067,WYNN
0.0021372255404145573,0.05959396158802511,1066,WYNN
0.002639091907066017,0.07153939916299736,1067,WYNN
0.003545630810164169,0.08039125881404996,1066,WYNN
0.008173121254833838,0.10415559432396612,1067,WYNN
0.00030323388569524314,0.02415524193596771,938,YUM
0.0006397457205519947,0.03001613370043297,937,YUM
0.0008956999383678393,0.03519322564621206,937,YUM
0.0011530973456763869,0.03980468917202897,937,YUM
0.0014116736710796962,0.04431756305279791,937,YUM
0.0016953798123127766,0.04664868722795907,938,YUM
0.0020264156593161426,0.05090563455825263,937,YUM
0.0024351070121860323,0.05483664113996972,937,YUM
0.0029423992129459444,0.06351783965144597,937,YUM
0.0035956073433738253,0.06588595056854162,937,YUM
0.004740048429697056,0.07265437217970132,937,YUM
0.008894570547784284,0.08192438062516356,938,YUM
0.00031248477373829135,0.02370422153690658,823,ZBH
0.0006857994067018334,0.03045987499495899,823,ZBH
0.0010138502031780407,0.037235842775953945,823,ZBH
0.001342326355903821,0.03820733449212502,823,ZBH
0.0016868249041630983,0.04318461204777958,823,ZBH
0.0020695158508908544,0.047430597358999474,823,ZBH
0.0024979892015788525,0.04602386070653373,823,ZBH
0.0029974746162848283,0.05268413728982168,823,ZBH
0.003632233519955331,0.053153894765986594,823,ZBH
0.00451111904199086,0.06256855648904931,823,ZBH
0.006042787443380005,0.06716137349451229,823,ZBH
0.011391045994912068,0.07397810689237025,823,ZBH
