log_relative_tick,log_daily_range_ticks,log_dollar_volume,volatility,symbol
-9.937294599746403,6.3635007323078225,22.60416523705056,0.012036135724903328,AAPL
-9.733878843961785,5.837787582306628,18.28106705314335,0.011424225824415882,ABBV
-9.084113663637817,5.035694347508988,18.466857276458125,0.009625464336118515,AEP
-10.15894920252576,6.0817058527592,17.200261123813643,0.009703715449095136,AJG
-9.369414625383714,5.483543796767736,16.16699504053149,0.013741687349781038,ALLE
-6.904600307288878,2.757001332468984,15.542581171470637,0.009959514938533953,AMCR
-10.671181403650436,6.5222080643384,16.905829356130276,0.011040690675739862,AMP
-10.384862223244642,6.93130202176882,18.293980548990863,0.018534526164993168,ANET
-9.110713388166424,5.113268709241914,17.736250899266132,0.012186945493823938,APH
-9.359161158839687,5.083662227253977,16.35503216312765,0.009135129848503239,ATO
-9.909101763320596,5.763545533555293,16.532887403566757,0.010640031367133498,AVB
-10.024161959701892,5.8578077892395335,16.236684885662235,0.011457459892603654,AVY
-8.777015766989514,5.0811578913268995,16.555100767842333,0.011390398508067853,BALL
-10.065556443281654,6.016920421311629,17.292322025739917,0.011072808484791715,BDX
-10.251229087131698,6.595287937194481,16.209308759408355,0.018230667788028038,BIO
-12.873138778194388,8.815967980595856,19.530330489786156,0.012356155018425638,BKNG
-8.09696971233282,4.431308672735042,18.311434406728935,0.013220198987395971,BKR
-11.264248697857747,7.193468154315874,17.635711816081276,0.01014913602697151,BLK
-8.94597109882189,4.757775822179228,17.438944443376013,0.00933731531683484,BSX
-8.719260184329062,4.947723655352016,18.267764468378633,0.012641403671169782,C
-9.079864307080836,5.384466766322168,16.504694343257686,0.012338678831090119,CBRE
-8.151066577986686,4.440557790164078,16.786540370141847,0.01386561583853327,CFG
-10.423095002937892,6.502696876759279,17.728159890833933,0.011405518543968346,CI
-9.353479214894874,5.337850440816344,17.338828947182616,0.01077538721425138,CINF
-8.25244609024731,4.4166564197830755,19.544109832152987,0.011413093064111013,CMCSA
-8.703444516546087,4.600890272908321,16.63568318874675,0.009115544446933216,CMS
-10.05721242743562,6.042126437938344,17.377314084189443,0.00966655736076276,COR
-8.100616578553582,4.148489169234691,18.79106266422774,0.010201061041440708,CSX
-9.561219049974412,5.935285711434315,17.445698040755595,0.015602976418557575,DHI
-9.605251650495779,5.693165951061288,16.91267862144529,0.012463344533003672,DLR
-7.572978694897954,3.7142845475075172,15.995358223224848,0.011857106148727677,DOC
-9.563062011895855,5.907950003634588,16.562031365814452,0.01585168600688548,DVA
-8.448850108770937,4.5756728941269635,17.43913752362262,0.012343202703324445,DVN
-9.528866827722945,5.439073855836691,18.720046551290398,0.010157733995667202,EA
-8.584038425045808,4.837798484405253,18.527701138950647,0.012289531498921853,EBAY
-10.07905090737467,6.376512267395017,17.001602676380813,0.015129012919650077,EFX
-9.354817268421781,5.676739917055105,17.361749843092163,0.016775270291439503,EL
-9.378275606774057,6.422390355108543,18.76338920175161,0.029205095226391507,ENPH
-9.79422777797287,6.19459551455484,16.567902942381558,0.017069021013180655,EPAM
-8.27503245426621,4.638729232253633,17.508793752533332,0.0160996427880645,EQT
-8.72376010632617,5.306682128804786,18.227741150485713,0.02034500412669409,ETSY
-9.641278276057378,5.92385556599068,16.91926898852773,0.013950180274479253,EXR
-8.503631647976919,5.041870275457893,18.07277869014782,0.016306064260535793,FCX
-10.172086189011642,6.697317708927505,18.26638663949012,0.011217837978310476,FDX
-8.262410613192786,4.06242438057022,16.302477428723236,0.008699008746208887,FE
-8.189216762996343,4.405521138395289,17.994195247235567,0.012576343417560832,FITB
-10.184909445892078,7.10966688058072,19.384560490024068,0.028015286072044378,FSLR
-9.78757433018879,5.76634748838125,21.16483266632985,0.011599630670106201,GOOGL
-9.55343882096831,5.54827412209016,16.446443847884453,0.01139422833781773,GPC
-10.722312082058801,6.800240510702658,18.430474402360275,0.011759123253013025,GS
-8.128209023434142,4.5686220448327965,17.3331304393534,0.013731118324789283,HAL
-8.687231281043477,5.033732726631359,17.678147115094063,0.014640444642569679,HAS
-7.159641765828619,3.5601136619665237,18.125412438664927,0.012363199782080874,HBAN
-8.897237922177592,4.941111495663435,17.614345013667567,0.009806423699131367,HOLX
-8.807980437821795,4.970393693820129,17.216929849855866,0.013528629901186338,HSIC
-10.532492799973745,7.079520297546314,17.43725610746983,0.01758342735989498,HUBB
-9.001010348069645,5.293091578096205,17.037339711182405,0.012791896820355734,HWM
-10.692485675752717,6.671520227814402,16.937639467919574,0.01312127561209033,IT
-10.082969665254856,5.982586167389023,17.1182976817848,0.00962769219227922,ITW
-9.670792278414007,5.868136513910601,17.888950934664347,0.014814443388331152,JBHT
-8.10972107060482,4.350289332226362,18.451597706363593,0.009910445285759737,KHC
-10.685395100543152,6.5606386963545535,19.669437325696737,0.008292876205799278,LIN
-8.81903701127426,5.131453091331745,16.25384592468815,0.012805207125240107,MAS
-9.894572935146554,6.501347402687471,17.527156700107366,0.01796878095373168,MKTX
-9.955884300394906,5.6687948562006385,17.495096179563546,0.0077998315204171375,MMC
-11.28576071446081,7.9829248515124815,19.100855986705106,0.02376773145588088,MPWR
-9.177042086574781,5.097858805872449,17.878400218042806,0.011207732152444019,MS
-9.5906961973657,5.7409617008224805,16.389169392494153,0.012892195100547323,MTB
-11.874501379508667,8.0225434345691,17.382394671989374,0.01581301243236316,MTD
-8.69110448085061,4.660648054741658,17.791445985516997,0.009718354768275069,NDAQ
-8.330719024459153,4.7122606020945215,17.191238197550312,0.014745836819458914,NEM
-11.196369182556792,7.509494291054374,18.673048790265913,0.014540438353432099,NOW
-9.664171744897331,6.007758177100371,17.384207661199966,0.01398635757923297,NUE
-13.540988774444873,9.691872693255036,16.566959231059474,0.014571317771199563,NVR
-8.987071812849376,4.866684119510795,16.818255092696372,0.009032124111437386,OKE
-9.18265052215519,4.987748711467982,16.93383439986191,0.009821517246488425,OTIS
-10.35848064779349,6.854534310869042,19.641380676043607,0.016205296950582163,PANW
-9.575613495399546,6.09854125697736,16.688442851621613,0.018490096604285782,PAYC
-9.410915153747855,5.801374648905669,18.582101410353072,0.010383230291141243,PAYX
-10.416032697078538,7.088736761990838,17.963627466278133,0.01678591011972325,POOL
-7.944660589464195,3.702810443889952,16.27654284032782,0.009017516859834734,PPL
-8.724873805344293,4.550014751329955,17.245950546011166,0.009790654664393056,REG
-7.544874289089365,3.8224169571946427,16.597985422334887,0.013047469797252517,RF
-9.808242370619395,6.066254868786531,16.852367322993704,0.015033214928793824,RL
-9.588179026321013,5.500444227034165,18.911131085551087,0.009922645242762254,ROST
-9.854416786501675,5.439642319204083,16.72715454652062,0.00772602866139948,RSG
-8.989232247774202,5.080590403657791,19.460646811290122,0.012136750333472144,SBUX
-10.986335399450654,7.23475092689662,19.171404786097003,0.01571332999026824,SNPS
-8.969484631876542,4.793490422794224,17.05032155875265,0.008985447600930074,SO
-8.93329816157342,4.8606721512199655,16.80371063991282,0.009651128022069574,SRE
-10.151158824798049,6.0247231404040065,17.32091022356766,0.010717771583832806,STZ
-8.392502603457286,4.764343262737968,16.966028112033907,0.01403751273888613,SYF
-8.887694114488863,4.809023662765942,16.91563121159563,0.010210513367926976,SYY
-9.58431825295954,6.0269044919290975,18.899615534155426,0.019837640417817784,TER
-9.363173040751203,5.301190286214062,17.777626390652507,0.011458038609093989,TROW
-9.677292475048185,5.792153310682991,18.554270679121835,0.012495889711108654,TTWO
-8.529082235808694,5.038003169247777,18.4650753368947,0.018264954825224868,UAL
-8.848724671146565,5.397916466943883,18.543387479696673,0.01697184685874602,UBER
-9.84229143932459,6.250100335106561,16.47705685154162,0.015237540094759394,UHS
-9.523635365112217,5.602133227157362,18.002484323154526,0.010913634494623568,UPS
-10.124280342975803,6.247151121273139,16.972725011450386,0.013415278916305312,VMC
-9.794428539193168,5.734848992365654,17.942224630714318,0.01130928392550983,VRSN
-9.084816830753436,6.267080383744773,18.360791092481637,0.02852798819715149,VST
-6.950671079959069,3.47304723098143,17.53772202239281,0.014804218960530973,VTRS
-9.692115074507234,5.713892475203576,16.889079509355525,0.010990605100848861,WAB
-9.111287697768612,5.1178466245256375,17.896405512319202,0.013285174715995702,WYNN
-9.518594995844722,5.361133234845963,17.208815170732304,0.00936014067930372,YUM
-9.298932582123722,5.427799148333661,17.106444657684737,0.011500699745019173,ZBH
