q_star,a,wsse,deviance
8.738431283684778e-08,5064.383532933176,0.5722192524726724,0.0
9.120290752095084e-08,4957.192279836643,0.5724859901382913,0.018641492011570063
9.518837043217707e-08,4852.2703044949685,0.5727479069135892,0.03693761688448341
9.934799352149935e-08,4749.569555299413,0.573005070313743,0.054893557446440394
1.0368938738982227e-07,4649.042997886232,0.5732575478712918,0.0725144800954865
1.082204952126181e-07,4550.644593653268,0.5735054070751341,0.08980553098846586
1.1294960727305683e-07,4454.329278725471,0.5737487153133545,0.10677183249882874
1.1788537613021663e-07,4360.0529433603715,0.5739875398197,0.12341847993019421
1.2303683245012622e-07,4267.772411784698,0.5742219476235232,0.13975053847130506
1.2841340152860727e-07,4177.4454224533365,0.57445200550302,0.15577304037947215
1.3402492053614656e-07,4089.030608722104,0.5746777799416007,0.17149098238014418
1.3988165651634684e-07,4002.487479925961,0.5748993370872382,0.18690932327080442
1.45994325170893e-07,3917.776402854366,0.5751167427146385,0.20203298171757395
1.523741104653959e-07,3834.858583615697,0.5753300621901054,0.21686683423485792
1.590326850919934e-07,3753.6960498827516,0.5755393604389434,0.2314157133365197
1.6598223182613956e-07,3674.2516335115647,0.5757447019152857,0.24568440585015028
1.7323546581666385e-07,3596.4889535258358,0.5759461505742192,0.2596776513849248
1.8080565784988066e-07,3520.3723994594557,0.576143769846083,0.2734001409440633
1.8870665863031075e-07,3445.8671150498058,0.5763376226128323,0.2868565156739978
1.9695292412244723e-07,3372.9389822744915,0.5765277711863618,0.3000513657424607
2.055595419999228e-07,3301.554605724532,0.5767142772886814,0.3129892293378549
2.1454225925047876e-07,3231.6812973069427,0.5768972020338502,0.3256745917830649
2.2391751098723996e-07,3163.2870612699344,0.5770766059115757,0.3381118847570033
2.3370245051900536e-07,3096.3405795440453,0.5772525487723805,0.3503054856170917
2.4391498073458226e-07,3030.8111973925847,0.5774250898142693,0.3622597168177103
2.5457378685857325e-07,2966.668909365036,0.5775942875707964,0.3739788454176443
2.656983706385606e-07,2903.867123739428,0.5780414949630948,0.4049372093853185
2.773090860262243e-07,2842.3935446025234,0.5785059380719645,0.43706338912128206
2.894271764176921e-07,2782.2215595350867,0.5789629781389685,0.4686523214446464
3.020748135212423e-07,2723.323618255816,0.5794126701587939,0.4997090545917399
3.152751379234866e-07,2665.6727521403095,0.5798550722259457,0.5302388155746902
3.290523014282482e-07,2609.2425620730633,0.5802902452903403,0.5602469932216942
3.434315112455953e-07,2554.0072065432987,0.5807182529255603,0.5897391221952188
3.584390761118938e-07,2499.941389980348,0.5811391611091963,0.6187208679388898
3.74102454425244e-07,2447.0203513244946,0.5815530380147136,0.6471980125045766
3.904503044843876e-07,2395.219852829082,0.5819599538143152,0.6751764412148292
4.075125369229976e-07,2344.5161690897758,0.5823599804922944,0.7026621301174958
4.2532036943527966e-07,2294.886076296943,0.5827531916683881,0.7296611341914563
4.439063838930309e-07,2246.306841707022,0.5831396624306657,0.7561795762643395
4.633045859586365e-07,2198.756213328976,0.5835194691775119,0.7822236366054498
4.835504673030991e-07,2152.2124098217646,0.5838926894682787,0.8077995431586206
5.046810705429117e-07,2106.654110599006,0.584259401882194,0.832913562381087
5.267350570146113e-07,2062.055737721924,0.5848054752113281,0.8702817789479377
5.497527775109904e-07,2018.397011443872,0.585521591499555,0.9192333172295752
5.737763461084086e-07,1975.6624946281026,0.5862283345450363,0.9674854649259345
5.988497172202743e-07,1933.8326597325267,0.5869256602450366,1.015037672750123
6.250187660176644e-07,1892.888388357429,0.5876135355982688,1.0618901190073018
6.5233137236425e-07,1852.8109629364874,0.5882919380440914,1.1080436601749832
6.808375084190659e-07,1813.5820585779616,0.5889608548334473,1.1534997841538066
7.105893300674318e-07,1775.1837350546064,0.5896202824301541,1.1982605660580106
7.416412723473013e-07,1737.5984289408038,0.5902702259411808,1.2423286264181335
7.740501490456201e-07,1700.8089458953666,0.5909106985746397,1.2857070916767608
8.078752566469516e-07,1664.7984530883127,0.5915417211242506,1.3283995568619096
8.431784828245179e-07,1629.5504717699532,0.5921633214790917,1.3704100503282188
8.800244196721893e-07,1595.0474316796078,0.5929794791373157,1.42550267118845
9.184804818845815e-07,1561.2728098579519,0.5940282696663716,1.496187352263837
9.586170301014823e-07,1528.2127669915055,0.5950660825156142,1.5660094390210126
1.0005074996422877e-06,1495.8522551336498,0.5960926793767976,1.6349572332667632
1.0442285348659934e-06,1464.1765374106806,0.5971078467111354,1.7030207352237492
1.0898601294025654e-06,1433.1711820141804,0.5981113944013088,1.7701915364614278
1.1374857725122455e-06,1402.822056279963,0.5991031544660723,1.836462718518825
1.1871926018406158e-06,1373.1153208544442,0.6000829798347559,1.901828756948061
1.2390715628488603e-06,1344.0374239491587,0.6010507431790708,1.9662854305180715
1.293217575210962e-06,1315.579586555464,0.6022532362149112,2.046231542670861
1.349729706482273e-06,1287.7264970560436,0.6036340636128791,2.1378373172187217
1.4087113533571755e-06,1260.461813189467,0.6050056849398757,2.2286251250806752
1.4702704308475353e-06,1233.7732263867506,0.6063674554966336,2.318557522287454
1.5345195697279967e-06,1207.6486762535314,0.6077187793388079,2.4076005811036842
1.6015763226094397e-06,1182.0841924010426,0.6091736078390193,2.503242838950862
1.6715633790176077e-06,1157.066185472174,0.610729454446991,2.605273729742543
1.7446087898704174e-06,1132.5757010285454,0.6122808108841034,2.706751685448867
1.8208462017646662e-06,1108.601784371598,0.6138265805886639,2.807608790414336
1.9004151015008164e-06,1085.1336958642062,0.6153657398889423,2.907782543801536
1.9834610712932357e-06,1062.1609075747353,0.6168973344159061,3.00721555271568
2.0701360551328024e-06,1039.67645501007,0.6186367107834474,3.1198390792550117
2.160598636789299e-06,1017.671920386949,0.6207774433443192,3.2580162774118855
2.2550143299621466e-06,996.130614618317,0.622913121178428,3.395393209859268
2.353555881110424e-06,975.0429975514467,0.6250421643524204,3.5318753588095166
2.4564035855162205e-06,954.3997099616155,0.6271630965577716,3.667376098169152
2.5637456171595504e-06,934.1915712094037,0.6292745400518602,3.8018162276398515
2.6757783730084907e-06,914.4164812424233,0.6315560131340634,3.946576398085402
2.792706832354338e-06,895.069695770593,0.6341697644257583,4.1117783749009265
2.914744931849346e-06,876.1290770300519,0.6367829455205241,4.276265047407535
3.0421159569331863e-06,857.5863583890354,0.6393932760405981,4.439899762823052
3.1750529503642454e-06,839.4334225418359,0.6419986188531581,4.602557036562633
3.313799138603357e-06,821.6623001388401,0.6445969732078543,4.764121892111642
3.4586083768299255e-06,804.2827842666145,0.6477768485853144,4.9609616448749225
3.6097456134048116e-06,787.2698080700281,0.6510573844488908,5.163022400968572
3.7674873746297043e-06,770.6130002960648,0.6543399784416682,5.364193385690548
3.932122270689904e-06,754.3052065227558,0.6576215949986466,5.564298234325183
4.103951523706221e-06,738.3393941717477,0.6608993862633012,5.763175495347932
4.283289518862171e-06,722.7086519790955,0.6641706832009464,5.960677720117169
4.470464379614803e-06,707.4250957679315,0.6678377938969139,6.180923763524704
4.665818568041516e-06,692.4781325296804,0.6719138286408375,6.424314986283399
4.869709511421457e-06,677.8453375708682,0.6759682266933489,6.664953862036397
5.082510256197685e-06,663.5611493228321,0.6795290305423642,6.875109184495548
5.30461015051683e-06,649.5853176890158,0.6831026508069824,7.084916633222372
5.536415556594937e-06,635.933625449571,0.6866437302440179,7.291733741834837
5.778350594212857e-06,622.5602375083647,0.6902742507543189,7.502670281195604
6.03085791670153e-06,609.4767950486523,0.694292831227646,7.734863682863308
6.294399520836986e-06,596.6894840202684,0.6990005303348737,8.00517097936489
6.569457592126787e-06,584.1738529423022,0.703814932846814,8.279728626628213
6.856535387034578e-06,571.9374706494202,0.7087499756449656,8.559223768963362
7.156158153756779e-06,559.9461807634473,0.7138176711386496,8.844213628943706
7.468874093236177e-06,548.2298107927129,0.7197636711719035,9.176027887655687
7.795255362170758e-06,536.7533780557802,0.726026553027726,9.522574484792436
8.135899119852834e-06,525.5053034953437,0.7324294499115808,9.873791827372983
8.491428620753904e-06,514.5009038902888,0.7391885205942862,10.241230570132238
8.862494354854162e-06,503.74639361284267,0.7464997441143382,10.634921909765946
9.249775237803088e-06,493.20389205731294,0.7539696610777058,11.033196137857162
9.653979853088767e-06,482.89137394502984,0.7617303748318816,11.442817112524317
1.0075847748488597e-05,472.8200593590501,0.7699506511263842,11.872167875725845
1.0516150789173334e-05,462.9519906633952,0.7784152100737729,12.309513776134828
1.0975694569940245e-05,453.330701449321,0.7875568034596769,12.776530920852007
1.145531988915932e-05,443.89349670943346,0.7969306004066201,13.24981490070158
1.1955904287129164e-05,434.6694714428382,0.8066008996751541,13.732270855043678
1.2478363651657382e-05,425.6618322296833,0.8166504845163451,14.227558933675525
1.3023653893802893e-05,416.86447088208155,0.8272952382654251,14.74557615887669
1.359277269684626e-05,408.258378281743,0.8384982764101473,15.283611969732295
1.4186761341688144e-05,399.83108285399766,0.8502104702004734,15.838468175184577
1.4806706612015465e-05,391.6106250155783,0.8628118707237453,16.42697785353151
1.545374278272129e-05,383.54074214148534,0.8757891993458318,17.024127820290012
1.6129053695216233e-05,375.69578815828083,0.8895816101907166,17.649160993211634
1.6833874923428655e-05,367.98868410507805,0.9038011683753353,18.28348653033707
1.7569496034456627e-05,360.4822636611938,0.9187210602979807,18.93841298324139
1.8337262948007905e-05,353.127957462348,0.9342330332553043,19.608147237106316
1.9138580398944402e-05,345.95980782901626,0.9503608214195534,20.29277992201316
1.9974914507437512e-05,338.9463117466557,0.9671302293695668,20.99243734117671
2.0847795461435818e-05,332.1116060812752,0.984680107001737,21.711783900197396
2.1758820316353874e-05,325.42226716395174,1.0029993787648819,22.44911768520975
2.2709655917104206e-05,318.86002291663914,1.0223254772274752,23.21251857905701
2.3702041947818596e-05,312.4710986401556,1.0437745995329035,24.043064713903185
2.4737794114838703e-05,306.1811083820814,1.0658843175936292,24.88151409206095
2.5818807468799943e-05,300.06277083437476,1.089993094394746,25.77617653323774
2.694705987188644e-05,294.06046821098175,1.1152903951366082,26.693914703949776
2.8124615616601272e-05,288.1903397364203,1.1415344435832853,27.624256521082913
2.935362920267263e-05,282.48067756788276,1.169049601026415,28.57696657689218
3.063634927900643e-05,276.85233920088706,1.197342120813997,29.53349013929777
3.1975122757897974e-05,271.41083023781096,1.2278705616327041,30.540578834417175
3.337239910903002e-05,266.0534604140889,1.2594355375573019,31.55586748198563
3.483073484111312e-05,260.8115785709923,1.2924968240165793,32.59235690737979
3.635279817936933e-05,255.7203785093196,1.327838643383345,33.67142370893296
3.794137394741583e-05,250.69351500478936,1.3641024994451139,34.74919021385267
3.959936866248177e-05,245.83278841007512,1.4024783323957113,35.85895846203109
4.1329815853280316e-05,241.0668103310885,1.44236220931689,36.98060980911496
4.3135881610265307e-05,236.36051636746583,1.483250445764984,38.09875916867192
4.5020870378427825e-05,231.86355615378827,1.5262746610242237,39.242518270363725
4.69882310032317e-05,227.41276007184288,1.5704560355558561,40.38396392867785
4.904156304074906e-05,223.02974693182415,1.616028608641965,41.528188633495105
5.118462334354216e-05,218.8337931777065,1.6651685513904395,42.72637611610966
5.3421332934340134e-05,214.67591672768137,1.715554927618538,43.918786150500175
5.575578418008766e-05,210.56272826543704,1.767147263054083,45.103983324543265
5.819224827949181e-05,206.66773245586404,1.8222688269101797,46.332615417515804
6.07351830777656e-05,202.80196772949301,1.8787671094380274,47.55395285564717
6.338924122286754e-05,198.96784111233742,1.936541321817561,48.76546442702847
6.615927867815893e-05,195.28056109188054,1.9974217736044362,50.00361153074359
6.905036360705457e-05,191.70579629097548,2.0612654567213333,51.262125844150965
7.206778564592291e-05,188.15325328215596,2.126544836810641,52.50926291236429
7.521706558220164e-05,184.62538622455614,2.1931534230931544,53.74293919548233
7.850396545543508e-05,181.28831859142744,2.262436667744163,54.987018262820186
8.193449909971554e-05,178.04486473757973,2.3340217135160013,56.23303557932992
8.55149431468179e-05,174.81489256694886,2.407184871737403,57.467640570103704
8.925184851015793e-05,171.60092133365302,2.4818144433288527,58.68891902272086
9.315205237058736e-05,168.44378038007605,2.558297204377543,59.90299740662593
9.722269068595352e-05,165.54280960718208,2.6396012376786144,61.15443647773378
0.00010147121124731256,162.64494690622584,2.7226994925859715,62.3942760472702
0.0001059053873056851,159.7527413769966,2.807476213820351,63.62075951007533
0.00011053333179428465,156.868671173019,2.893814848890991,64.83234804451438
0.0001153635121722421,153.99513731568766,2.981598473704177,66.02770439221787
0.00012040476591698315,151.3551835303315,3.069015717550463,67.1835979817437
0.0001256663166936048,148.88651243854278,3.1570162449930486,68.31441631183954
0.00013115779123083597,146.41112503665602,3.2470360416981183,69.43902582344596
0.0001368892369344586,143.9313684293626,3.3389630964942962,70.55573444660803
0.00014287114027041305,141.44956254245196,3.4326829837405306,71.66300875763822
0.00014911444595122733,138.96799252405674,3.528079322736478,72.75946696753023
0.00015563057696086805,136.48890153464956,3.6250342352114435,73.84387139943706
0.00016243145545465694,134.01448396640126,3.7234287975690723,74.91512064265916
0.00016952952457248953,131.98850189796883,3.814703844117883,75.88384339695337
0.00017693777120526559,130.0842063398961,3.9056278654960295,76.82606431651749
0.00018466974975618651,128.16170635094534,3.9989028171549394,77.77012321241203
0.0001927396069403957,126.2227893887422,4.094439458070305,78.71451503948025
0.00020116210766833327,124.26927606071213,4.192143603792626,79.65781022358163
0.00020995266206016595,122.30301334687681,4.291916490955406,80.59865680799385
0.00021912735364071437,120.32586771712046,4.393655164983614,81.53578179198058
0.00022870296876646685,118.33971819688136,4.4972528878179885,82.46799174071279
0.00023869702733852124,116.34644943516068,4.6025995623000355,83.39417274561495
0.00024912781485764824,114.34794482796993,4.709582169738654,84.31328981250914
0.00026001441588011966,112.34607974888466,4.818085217102916,85.22438575199436
0.00027137674893552486,110.34271493626981,4.927991190257455,86.12657964263929
0.0002832356029704495,108.33969008404995,5.0391810096757315,87.01906493305783
0.0002956126753847052,106.33881767966511,5.151534485131319,87.90110724401771
0.0003085306117297001,104.34187712915713,5.264930765975162,88.77204192659342
0.000322013047141577,102.35060920524552,5.379248783754582,89.63127142718324
0.00033608464958494085,100.36671084985021,5.494367684113884,90.4782625050859
0.00035077116498627816,98.3918303578969,5.610167245131831,91.31254334337278
0.00036609946433966534,96.42756296446481,5.726528279493966,92.13370058907091
0.0003820975928709334,94.47544685250628,5.843333018161751,92.94137635422821
0.0003987948213502561,92.53695959354465,5.960465473481525,93.73526520530825
0.00041622169964704097,90.61351502902748,6.0778117799683224,94.51511116456074
0.00043441011262509966,88.7064605954389,6.195260511297792,95.28070474354502
